id;tp;a;b;c;d;e;f;dec
1;1;0.18;19.085;25.012;8.841;19.43;59.743;3
1;2;6.156;12.904;0.806;30.578;14.328;15.616;3
1;3;9.36;9.639;7.241;5.187;44.601;23.595;3
1;4;1.633;4.024;20.762;38.154;4.726;52.382;3
1;5;6.201;12.177;5.437;26.921;13.846;37.142;3
1;6;3.909;3.293;22.912;30.306;25.215;6.041;3
1;7;7.839;14.466;0.194;24.757;23.882;46.41;3
1;8;9.458;7.101;21.553;28.763;8.34;23.603;3
1;9;0.991;7.255;0.649;6.276;17.103;55.061;3
1;10;1.757;17.835;18.161;2.042;20.133;9.896;3
1;11;3.077;8.473;3.926;22.072;30.69;40.897;3
1;12;4.149;3.76;18.783;9.817;5.904;31.709;3
1;13;0.233;18.25;4.613;7.435;41.278;12.523;3
1;14;7.788;10.996;26.795;2.623;27.075;8.05;3
1;15;6.37;10.038;22.736;1.897;43.469;42.317;3
1;16;8.954;18.051;0.819;33.257;14.663;3.627;3
1;17;6.438;5.989;6.207;19.583;47.809;42.978;3
1;18;6.483;7.875;3.762;17.999;16.08;18.21;3
1;19;9.411;16.876;13.189;2.284;34.342;5.935;3
1;20;6.398;9.132;17.229;34.465;18.123;30.72;3
2;1;6.052;1.704;25.2;6.601;26.555;20.147;1
2;2;9.369;16.813;13.905;38.451;27.177;45.978;1
2;3;2.044;16.092;23.567;10.974;43.704;0.519;1
2;4;4.504;5.446;10.501;39.349;33.267;33.583;1
2;5;4.497;5.109;1.064;12.3;24.639;25.002;1
2;6;3.189;17.898;1.983;6.582;4.402;0.605;1
2;7;2.686;10.789;1.409;3.99;31.223;45.595;1
2;8;9.588;8.962;10.42;13.703;26.498;9.717;1
2;9;2.142;13.097;1.216;10.05;47.475;30.009;1
2;10;6.303;16.68;0.721;11.025;32.075;31.465;1
2;11;2.031;15.115;16.075;29.449;8.943;50.341;1
2;12;0.36;0.645;22.913;23.712;7.299;2.715;1
2;13;6.952;11.523;26.43;30.126;11.39;28.921;1
2;14;4.007;10.596;10.347;20.726;35.006;1.694;1
2;15;9.333;5.678;16.097;8.518;20.052;35.685;1
2;16;4.824;17.144;15.897;18.528;10.756;1.789;1
2;17;0.18;13.42;28.339;9.165;38.046;33.361;1
2;18;0.064;14.805;26.137;30.247;31.056;51.242;1
2;19;8.071;13.913;11.754;8.771;48.799;59.112;1
2;20;6.909;1.773;3.236;12.58;23.682;2.965;1
3;1;9.427;9.701;1.058;34.222;42.086;17.691;3
3;2;1.705;1.999;4.088;39.529;44.206;21.088;3
3;3;6.711;12.875;18.675;31.044;44.602;15.936;3
3;4;4.259;10.007;26.333;26.023;32.585;3.997;3
3;5;1.048;0.809;19.011;39.647;33.38;48.628;3
3;6;2.077;2.539;19.308;23.469;25.212;5.293;3
3;7;5.634;19.371;0.423;17.76;24.922;52.613;3
3;8;0.685;19.507;28.621;9.441;13.074;3.302;3
3;9;3.771;0.659;24.823;24.865;42.769;33.926;3
3;10;9.515;8.374;13.024;19.158;40.55;29.816;3
3;11;6.128;10.963;27.95;12.317;47.721;16.787;3
3;12;8.401;9.519;2.522;14.108;35.12;53.324;3
3;13;8.704;15.941;14.194;15.178;16.576;56.671;3
3;14;4.914;4.446;20.712;17.364;39.796;37.477;3
3;15;0.156;3.928;24.691;25.957;0.333;15.648;3
3;16;5.312;13.924;21.326;11.498;5.334;23.769;3
3;17;3.796;2.78;27.284;14.898;31.948;32.9;3
3;18;2.844;11.564;11.384;20.195;6.231;1.072;3
3;19;6.703;4.502;27.287;16.561;40.563;58.668;3
3;20;6.078;13.059;28.144;31.821;5.628;55.676;3
4;1;5.223;3.851;16.942;18.349;18.295;38.332;3
4;2;8.006;3.483;11.222;32.24;39.998;56.826;3
4;3;8.803;10.987;12.423;2.711;43.672;35.896;3
4;4;7.15;7.971;4.75;31.407;14.419;32.87;3
4;5;2.117;19.147;10.91;19.478;34.486;5.764;3
4;6;0.026;4.784;19.943;23.169;3.896;19.29;3
4;7;3.964;7.85;6.453;30.265;12.488;7.5;3
4;8;0.817;8.485;0.983;21.662;26.572;51.354;3
4;9;2.944;18.957;18.293;23.309;23.486;24.485;3
4;10;5.573;0.971;27.121;33.966;49.039;56.957;3
4;11;2.684;17.631;13.432;38.059;35.235;36.171;3
4;12;8.445;14.687;12.174;25.659;10.886;10.779;3
4;13;2.069;19.545;11.602;1.479;42.234;7.474;3
4;14;7.395;1.858;3.95;39.357;43.143;46.202;3
4;15;3.881;3.665;23.591;0.448;40.26;36.118;3
4;16;8.1;1.498;2.184;14.965;12.813;3.023;3
4;17;6.589;3.432;20.771;31.392;29.304;50.816;3
4;18;5.752;10.1;16.638;9.089;27.593;48.596;3
4;19;9.127;16.177;16.059;13.883;27.074;32.631;3
4;20;2.846;17.121;20.977;34.921;9.985;15.785;3
5;1;6.245;11.681;4.604;25.951;7.337;29.911;2
5;2;2.588;13.915;16.117;38.355;27.863;24.86;2
5;3;1.61;14.314;20.902;18.761;11.913;42.962;2
5;4;2.812;5.941;18.879;7.991;15.467;11.3;2
5;5;5.667;13.641;28.899;36.51;23.779;24.92;2
5;6;1.033;13.966;19.181;7.966;39.688;31.232;2
5;7;4.492;5.052;16.222;9.839;33.537;46.695;2
5;8;7.265;12.979;14.223;21.338;35.37;45.957;2
5;9;0.036;6.933;5.18;2.468;25.972;44.598;2
5;10;6.331;11.571;15.908;25.806;3.601;9.907;2
5;11;0.748;12.205;23.236;9.553;14.908;29.675;2
5;12;7.171;12.132;27.104;11.185;15.069;18.351;2
5;13;1.765;6.053;0.227;22.668;32.466;57.578;2
5;14;9.182;8.586;27.638;16.539;10.759;52.522;2
5;15;6.43;2.261;9.115;9.638;38.232;19.48;2
5;16;9.236;16.24;21.742;22.652;32.386;0.341;2
5;17;5.122;7.659;29.564;0.408;30.217;52.858;2
5;18;2.626;0.507;7.758;19.528;9.163;8.154;2
5;19;6.825;0.831;24.884;36.963;48.608;43.986;2
5;20;0.632;17.356;7.349;32.857;7.695;7.094;2
6;1;0.649;9.556;3.682;30.224;8.045;38.724;3
6;2;5.42;13.143;28.687;2.275;36.89;15.756;3
6;3;0.115;16.266;15.598;25.488;19.363;27.031;3
6;4;9.995;19.764;19.207;33.198;2.408;20.324;3
6;5;6.139;18.332;22.865;21.52;49.066;17.144;3
6;6;2.981;3.48;4.037;4.878;37.38;10.383;3
6;7;5.944;17.833;6.409;23.203;48.246;51.54;3
6;8;3.278;9.338;2.69;0.512;28.419;7.611;3
6;9;5.676;6.63;3.704;0.922;49.389;42.673;3
6;10;2.733;11.151;9.769;15.145;46.095;41.348;3
6;11;7.799;17.039;3.979;8.506;9.47;27.379;3
6;12;3.101;2.249;0.747;20.531;27.967;50.469;3
6;13;6.89;15.735;25.161;0.157;33.221;1.527;3
6;14;6.792;18.315;18.502;21.375;5.86;23.291;3
6;15;9.755;5.665;7.453;3.633;43.6;38.56;3
6;16;7.956;0.85;11.966;29.571;43.887;15.53;3
6;17;4.607;6.714;8.502;19.086;25.307;39.031;3
6;18;2.027;12.039;11.666;34.898;29.759;55.472;3
6;19;9.491;11.966;8.297;6.327;0.995;49.365;3
6;20;1.377;13.436;11.154;25.94;4.236;20.608;3
7;1;2.52;5.063;25.512;13.037;21.147;0.335;3
7;2;0.723;4.761;0.122;4.855;37.041;9.797;3
7;3;5.852;18.846;6.555;21.993;33.87;38.087;3
7;4;4.131;6.411;25.16;19.953;2.239;10.869;3
7;5;4.807;9.092;11.489;8.613;28.224;23.094;3
7;6;2.851;16.911;10.562;34.115;31.993;53.891;3
7;7;4.565;0.905;7.044;13.176;27.175;42.86;3
7;8;7.318;14.561;21.326;14.064;19.116;0.41;3
7;9;0.472;10.814;22.638;3.574;6.397;36.684;3
7;10;4.035;4.124;9.103;18.365;43.763;45.378;3
7;11;8.776;17.972;6.433;16.935;21.284;55.662;3
7;12;7.571;17.252;22.353;16.482;7.167;12.646;3
7;13;1.642;8.468;0.842;34.969;38.73;12.748;3
7;14;2.604;18.502;8.921;27.486;14.738;45.626;3
7;15;7.236;4.506;9.417;18.194;40.999;4.103;3
7;16;8.668;19.078;27.135;33.165;13.695;47.591;3
7;17;4.452;8.11;9.593;10.937;18.113;25.221;3
7;18;7.112;18.25;19.038;20.004;28.583;20.5;3
7;19;0.57;17.058;9.35;19.828;11.323;40.258;3
7;20;2.409;0.666;5.765;14.385;41.803;46.061;3
8;1;5.46;13.629;2.261;37.973;13.235;27.99;3
8;2;3.822;6.84;21.217;36.715;25.469;38.997;3
8;3;2.424;18.931;22.891;8.506;0.505;17.425;3
8;4;7.686;14.367;22.433;8.909;48.68;25.823;3
8;5;3.231;11.131;28.398;13.312;28.474;40.818;3
8;6;4.105;15.076;28.089;25.56;13.434;39.619;3
8;7;1.832;13.586;26.613;2.996;9.708;12.746;3
8;8;8.572;15.494;1.386;1.467;12.48;27.12;3
8;9;9.737;18.481;24.448;9.708;19.925;20.485;3
8;10;7.316;10.209;7.686;26.013;20.737;5.687;3
8;11;7.32;9.991;6.182;0.762;4.153;44.475;3
8;12;1.723;0.264;11.355;12.506;18.702;35.681;3
8;13;6.582;4.477;3.227;36.52;11.338;44.53;3
8;14;1.483;1.107;4.441;4.196;32.235;2.812;3
8;15;9.938;14.94;1.305;13.047;2.146;21.705;3
8;16;0.72;11.119;15.744;38.365;15.061;51.388;3
8;17;6.166;18.627;12.868;39.037;48.916;52.617;3
8;18;7.832;10.364;19.135;24.723;49.659;16.307;3
8;19;6.799;10.616;9.382;30.853;27.173;6.918;3
8;20;8.106;18.482;9.304;38.181;10.04;3.131;3
9;1;2.471;5.222;29.774;25.854;40.391;46.086;3
9;2;8.272;9.669;7.207;30.47;19.579;49.645;3
9;3;3.534;4.78;2.551;32.262;13.242;8.998;3
9;4;7.755;15.986;25.618;17.141;18.803;34.941;3
9;5;3.917;14.845;4.903;17.253;6.289;4.343;3
9;6;7.546;11.911;20.494;17.914;21.841;9.046;3
9;7;6.318;10.898;26.032;9.595;34.55;13.944;3
9;8;8.032;0.135;17.888;39.233;12.913;42.193;3
9;9;6.485;13.722;27.918;39.485;27.288;13.062;3
9;10;7.264;12.836;12.801;20.353;38.551;45.687;3
9;11;2.015;14.641;11.729;23.849;9.319;15.045;3
9;12;2.398;9.515;3.073;3.25;43.792;39.648;3
9;13;1.586;1.904;24.066;13.663;19.345;58.744;3
9;14;3.999;18.252;17.571;38.721;8.888;24.765;3
9;15;0.319;19.956;25.524;11.49;11.01;31.954;3
9;16;6.796;3.752;5.747;2.255;42.328;22.468;3
9;17;9.434;4.256;16.464;32.998;23.36;59.995;3
9;18;6.479;12.443;23.795;12.123;45.968;24.798;3
9;19;3.012;5.515;15.8;22.953;49.353;5.233;3
9;20;5.264;6.132;8.749;16.121;14.274;17.742;3
10;1;9.849;8.888;25.534;7.781;34.472;5.137;1
10;2;9.851;9.053;15.425;5.722;33.065;27.372;1
10;3;6.603;18.411;16.444;7.128;45.35;18.012;1
10;4;4.852;19.775;13.557;26.034;11.529;24.888;1
10;5;7.148;12.033;20.807;13.064;5.647;49.28;1
10;6;9.303;1.905;22.598;39.505;22.72;36.245;1
10;7;4.343;5.455;19.147;24.026;20.182;2.573;1
10;8;0.139;15.932;29.762;29.153;26.665;16.188;1
10;9;5.828;19.485;3.259;3.536;2.784;47.626;1
10;10;4.613;1.085;27.271;3.412;35.718;12.378;1
10;11;7.373;17.516;22.661;25.042;15.552;3.718;1
10;12;8.326;9.001;24.973;27.869;17.968;41.576;1
10;13;4.602;16.01;12.877;38.18;24.922;36.09;1
10;14;4.016;0.942;20.357;18.921;10.095;16.157;1
10;15;3.404;7.134;12.476;16.877;6.409;52.08;1
10;16;5.328;7.911;1.507;14.085;17.595;47.317;1
10;17;3.369;12.119;12.232;29.029;3.05;47.908;1
10;18;1.498;8.329;28.319;2.705;38.946;37.264;1
10;19;2.482;13.963;25.79;3.932;40.044;57.52;1
10;20;2.437;3.806;4.284;2.954;9.275;34.644;1
11;1;0.368;8.506;9.326;7.24;0.94;9.761;1
11;2;0.563;9.325;28.052;26.628;2.326;4.291;1
11;3;6.158;16.861;29.142;1.183;49.741;3.203;1
11;4;5.863;12.841;19.578;3.831;47.1;42.756;1
11;5;7.074;17.299;26.531;25.431;0.557;25.158;1
11;6;8.484;9.542;2.405;34.445;33.755;10.206;1
11;7;0.837;7.837;26.001;15.246;28.002;1.285;1
11;8;4.447;7.117;27.947;13.562;38.575;13.131;1
11;9;7.592;16.721;26.806;23.437;39.642;8.394;1
11;10;1.124;17.356;5.979;0.112;1.135;5.68;1
11;11;4.781;13.753;0.903;35.999;12.674;36.09;1
11;12;8.034;19.333;25.964;8.869;40.143;35.426;1
11;13;7.852;13.231;8.945;23.826;20.969;51.612;1
11;14;6.412;9.974;7.2;14.782;14.877;43.233;1
11;15;4.626;12.221;18.064;2.958;34.929;37.687;1
11;16;4.513;8.68;13.806;10.757;8.542;46.873;1
11;17;8.702;17.203;10.882;7.69;41.729;44.406;1
11;18;6.825;3.322;17.443;23.278;29.245;13.03;1
11;19;2.511;10.169;26.414;12.054;43.357;31.944;1
11;20;9.076;18.959;5.042;4.943;18.742;51.968;1
12;1;4.186;15.261;2.825;38.966;16.121;17.044;3
12;2;1.478;12.28;19.926;38.008;34.326;44.125;3
12;3;3.947;9.034;16.157;26.078;34.177;42.012;3
12;4;6.114;15.369;9.447;38.754;21.52;59.944;3
12;5;0.048;16.113;6.526;31.171;0.814;40.439;3
12;6;1.622;8.694;6.637;2.778;26.625;56.706;3
12;7;8.765;12.926;14.341;5.711;6.367;45.626;3
12;8;2.42;14.56;6.394;9.191;3.356;1.0;3
12;9;9.768;7.219;19.767;6.967;43.543;7.938;3
12;10;7.827;16.514;27.586;4.881;2.838;21.886;3
12;11;0.466;10.53;10.62;6.507;38.833;11.174;3
12;12;3.629;18.928;11.314;2.276;25.81;2.569;3
12;13;5.814;10.115;4.353;24.677;5.471;52.581;3
12;14;9.883;11.925;17.916;17.762;48.926;53.845;3
12;15;1.372;0.63;17.463;16.393;44.758;21.42;3
12;16;9.83;9.699;22.513;24.616;49.546;29.984;3
12;17;1.718;4.249;10.31;15.091;28.605;25.508;3
12;18;7.324;7.069;4.231;14.741;28.085;5.644;3
12;19;1.524;9.616;9.717;17.744;28.264;5.308;3
12;20;5.542;18.182;27.327;8.025;42.014;20.706;3
13;1;2.445;9.696;7.278;23.0;3.575;28.227;1
13;2;0.61;5.712;5.588;23.884;29.708;27.249;1
13;3;3.205;2.664;10.455;34.352;38.901;5.081;1
13;4;1.43;19.333;16.951;16.075;48.34;4.054;1
13;5;6.774;5.0;20.498;19.426;46.918;34.914;1
13;6;2.265;9.391;27.321;29.992;29.763;30.639;1
13;7;5.135;19.685;15.652;1.852;47.818;32.497;1
13;8;2.665;5.022;13.583;12.828;30.282;56.837;1
13;9;6.761;12.804;28.366;10.623;44.192;32.848;1
13;10;9.773;2.495;11.299;4.287;9.568;39.742;1
13;11;8.588;7.012;4.34;7.175;7.387;36.37;1
13;12;4.496;12.956;17.458;27.093;42.577;19.645;1
13;13;5.938;4.78;3.286;39.927;43.094;27.267;1
13;14;0.315;1.933;7.976;5.352;6.41;23.756;1
13;15;1.15;9.081;23.458;30.188;2.641;13.964;1
13;16;2.829;10.093;27.832;23.707;26.133;26.944;1
13;17;3.272;0.395;25.671;3.297;29.767;7.466;1
13;18;5.645;18.512;28.503;15.339;38.253;13.602;1
13;19;8.903;19.436;29.174;31.538;29.908;45.017;1
13;20;2.454;14.099;19.25;23.692;27.909;54.051;1
14;1;2.022;18.552;17.481;19.817;17.321;12.426;1
14;2;6.046;14.272;19.678;9.493;5.07;40.744;1
14;3;4.525;18.768;27.481;36.433;14.551;7.983;1
14;4;4.294;7.642;9.656;0.384;5.797;11.7;1
14;5;5.662;18.219;28.657;10.964;34.846;48.703;1
14;6;5.763;11.528;0.527;9.312;49.339;50.178;1
14;7;7.063;11.288;6.999;20.069;28.388;44.903;1
14;8;9.418;1.717;21.341;14.342;28.359;11.667;1
14;9;0.721;3.087;23.058;20.569;37.127;53.862;1
14;10;9.163;6.622;1.734;31.796;47.857;0.632;1
14;11;0.565;1.246;7.928;23.768;0.99;14.787;1
14;12;6.258;4.275;16.105;9.287;39.541;16.807;1
14;13;4.81;12.421;5.784;38.193;28.421;42.618;1
14;14;6.337;10.502;20.771;9.088;9.595;33.794;1
14;15;3.091;2.953;13.029;19.198;21.435;17.728;1
14;16;5.812;1.807;28.387;8.894;46.382;53.34;1
14;17;3.615;10.892;12.593;18.536;2.93;43.959;1
14;18;3.567;5.882;19.067;2.277;26.353;13.335;1
14;19;7.224;4.646;25.262;7.08;15.236;15.405;1
14;20;0.928;1.56;4.813;3.282;4.201;5.837;1
15;1;7.968;8.455;21.538;2.186;40.728;11.623;3
15;2;5.482;15.088;11.159;12.737;37.296;35.06;3
15;3;1.73;17.547;26.325;26.022;45.423;2.571;3
15;4;2.5;6.298;6.084;37.107;17.013;45.373;3
15;5;3.887;13.278;18.061;18.462;24.956;44.889;3
15;6;4.156;12.569;21.055;27.617;24.38;6.692;3
15;7;8.417;19.324;16.03;16.77;25.985;18.566;3
15;8;3.527;13.527;19.339;5.73;42.727;42.323;3
15;9;8.667;11.618;9.079;39.77;30.182;8.275;3
15;10;3.775;5.39;26.683;9.637;40.796;54.476;3
15;11;1.416;3.295;23.951;32.748;21.993;44.745;3
15;12;6.744;16.099;3.329;0.826;38.023;28.062;3
15;13;9.453;9.965;13.975;26.058;15.329;16.798;3
15;14;7.268;15.71;0.259;30.674;23.748;0.142;3
15;15;0.982;7.74;26.674;38.08;20.53;46.463;3
15;16;9.995;2.565;27.577;0.267;14.779;12.05;3
15;17;8.192;16.109;1.49;2.513;0.891;38.588;3
15;18;3.933;15.996;0.161;12.98;10.161;57.043;3
15;19;2.148;12.721;13.463;22.936;4.751;8.341;3
15;20;8.1;14.09;25.092;7.288;26.731;3.308;3
16;1;7.752;0.918;15.643;13.045;14.39;43.226;1
16;2;0.585;14.484;4.917;18.708;35.703;1.522;1
16;3;4.655;15.546;13.359;35.96;18.68;18.961;1
16;4;1.12;7.449;22.559;1.236;47.034;50.275;1
16;5;8.567;1.246;29.523;37.25;46.039;47.253;1
16;6;3.469;18.41;18.142;35.67;45.627;30.707;1
16;7;6.561;18.485;6.431;12.631;25.457;59.109;1
16;8;8.946;15.164;7.51;19.619;27.081;23.252;1
16;9;4.921;7.11;23.511;30.87;32.605;49.915;1
16;10;1.397;11.027;24.936;28.111;5.333;27.998;1
16;11;9.471;12.243;25.136;13.546;25.713;11.015;1
16;12;1.415;1.963;25.531;24.906;45.568;20.941;1
16;13;8.479;8.115;13.244;22.749;29.515;19.717;1
16;14;2.138;9.601;1.758;23.996;45.161;9.692;1
16;15;5.724;11.352;7.67;10.751;38.096;55.686;1
16;16;0.745;0.739;7.104;28.763;3.576;51.142;1
16;17;4.79;15.246;29.485;13.443;15.294;55.139;1
16;18;8.848;5.006;1.438;34.28;8.192;38.962;1
16;19;0.493;10.111;25.431;16.257;40.652;27.228;1
16;20;1.426;14.739;25.449;3.738;38.881;45.422;1
17;1;1.265;13.393;2.054;29.562;16.206;51.087;3
17;2;6.54;0.918;14.996;14.235;7.378;46.406;3
17;3;4.003;17.059;15.585;14.558;10.829;25.302;3
17;4;2.493;14.993;23.343;39.28;39.581;52.405;3
17;5;9.408;15.19;25.974;26.631;11.569;5.859;3
17;6;5.763;18.466;20.436;39.015;39.138;28.922;3
17;7;9.82;4.213;22.583;38.465;4.932;42.707;3
17;8;3.471;5.613;8.809;18.737;10.707;28.517;3
17;9;3.718;7.588;0.062;15.61;36.166;9.64;3
17;10;8.397;1.548;16.549;2.11;16.181;41.232;3
17;11;4.708;11.003;14.052;9.897;45.139;53.81;3
17;12;2.146;0.488;7.47;22.402;9.963;37.07;3
17;13;3.795;8.265;16.259;12.413;6.064;47.888;3
17;14;8.929;1.485;7.792;11.486;31.848;49.369;3
17;15;9.659;3.482;1.893;9.523;21.903;59.323;3
17;16;4.825;10.847;21.219;17.653;31.434;27.122;3
17;17;4.484;5.558;10.014;39.209;9.481;17.79;3
17;18;2.337;12.954;5.775;32.212;4.484;30.594;3
17;19;4.826;19.901;2.305;17.725;47.832;23.948;3
17;20;1.372;6.587;0.13;25.364;33.91;49.198;3
18;1;9.7;7.767;20.994;31.477;37.716;37.887;1
18;2;9.418;18.171;16.0;35.192;20.606;24.915;1
18;3;1.59;17.479;28.773;6.739;4.782;22.935;1
18;4;3.507;16.281;15.408;18.195;1.863;18.76;1
18;5;3.879;8.883;5.697;20.036;30.188;19.794;1
18;6;6.239;13.711;29.903;38.916;25.766;48.748;1
18;7;5.532;5.406;27.043;30.308;26.677;36.196;1
18;8;2.806;7.665;22.378;17.598;42.764;23.433;1
18;9;4.627;8.641;9.313;8.173;15.668;53.016;1
18;10;7.589;12.159;17.399;37.596;17.78;10.873;1
18;11;3.984;13.697;10.094;0.003;12.371;50.227;1
18;12;5.478;7.476;19.024;37.466;9.375;11.906;1
18;13;1.563;4.194;28.864;21.071;46.315;39.598;1
18;14;1.272;19.335;3.629;5.316;39.223;21.71;1
18;15;1.867;14.954;11.833;10.935;48.958;48.004;1
18;16;1.154;9.267;20.117;31.452;43.883;19.645;1
18;17;1.986;7.164;8.418;11.49;1.875;25.113;1
18;18;7.104;6.337;11.929;33.781;44.405;42.668;1
18;19;6.008;10.29;25.298;20.66;10.328;30.629;1
18;20;6.998;7.737;22.708;9.631;9.588;36.788;1
19;1;7.863;19.208;20.809;2.769;2.992;15.572;1
19;2;1.124;5.614;12.109;6.801;15.932;52.052;1
19;3;3.949;8.487;29.764;39.029;29.291;31.755;1
19;4;6.966;3.599;18.452;24.095;1.793;3.61;1
19;5;9.244;14.448;5.593;31.196;13.249;3.961;1
19;6;6.547;10.439;24.657;21.26;6.755;45.973;1
19;7;8.317;3.124;2.115;36.192;6.541;27.677;1
19;8;0.317;16.533;18.052;5.391;15.013;43.141;1
19;9;6.792;8.335;5.97;0.092;38.181;29.791;1
19;10;7.666;11.998;16.631;31.431;29.149;5.063;1
19;11;9.857;1.784;29.175;13.445;22.367;3.958;1
19;12;0.471;0.452;9.61;37.732;0.447;58.534;1
19;13;1.575;4.019;20.918;13.016;33.703;31.922;1
19;14;1.063;7.752;28.647;36.919;37.731;18.566;1
19;15;9.978;15.256;26.557;18.638;45.423;26.928;1
19;16;5.502;8.015;1.882;34.939;14.274;30.138;1
19;17;6.688;17.667;2.424;25.341;1.936;36.622;1
19;18;3.499;5.545;29.788;31.739;11.31;12.15;1
19;19;8.983;7.294;14.416;22.044;49.195;18.876;1
19;20;5.942;12.834;26.524;0.493;18.517;40.868;1
20;1;9.805;14.184;5.553;33.671;8.088;54.108;1
20;2;0.725;3.648;4.866;32.846;18.862;20.119;1
20;3;2.511;1.624;14.233;14.361;11.702;26.869;1
20;4;1.035;12.524;1.873;32.155;41.382;6.575;1
20;5;0.686;9.054;9.612;13.707;47.768;42.441;1
20;6;2.917;1.86;5.116;7.16;23.652;53.025;1
20;7;4.667;14.706;24.545;30.538;23.562;9.662;1
20;8;9.467;16.734;10.041;39.899;10.662;24.334;1
20;9;8.717;6.5;9.651;31.998;5.427;12.943;1
20;10;3.194;7.664;13.095;20.898;24.913;27.362;1
20;11;8.794;0.272;0.232;3.393;7.399;58.051;1
20;12;6.859;1.357;1.271;21.151;6.948;30.239;1
20;13;6.798;9.664;6.36;39.549;19.266;14.84;1
20;14;5.41;7.255;23.746;24.426;25.307;53.911;1
20;15;6.955;0.473;20.583;32.057;39.116;42.357;1
20;16;2.075;5.153;13.712;15.624;17.894;20.219;1
20;17;0.906;7.198;11.349;34.367;13.438;24.295;1
20;18;0.261;12.966;13.053;4.672;24.19;44.978;1
20;19;2.018;11.356;26.326;27.224;43.784;34.552;1
20;20;9.232;19.025;6.793;26.633;31.136;45.921;1
21;1;4.473;11.963;22.781;19.217;31.9;29.797;2
21;2;7.108;16.061;22.182;8.339;40.574;56.27;2
21;3;6.345;17.619;16.608;28.489;46.463;10.844;2
21;4;5.952;7.267;13.381;16.344;15.769;40.92;2
21;5;4.981;4.473;28.003;9.496;38.913;42.132;2
21;6;1.436;9.926;12.331;15.899;42.111;6.86;2
21;7;4.685;19.364;7.013;6.317;27.553;12.342;2
21;8;6.445;9.507;21.974;13.203;19.682;4.441;2
21;9;6.196;16.653;4.748;35.069;29.019;49.1;2
21;10;6.193;8.036;29.406;20.471;40.166;21.211;2
21;11;5.292;9.686;2.639;6.515;13.096;11.747;2
21;12;2.191;19.555;8.047;22.808;16.047;19.314;2
21;13;7.081;4.816;2.497;0.432;35.38;29.292;2
21;14;5.539;13.823;23.335;9.137;0.224;56.538;2
21;15;3.694;13.697;5.131;0.849;45.411;9.561;2
21;16;4.191;13.654;4.253;21.913;1.945;26.801;2
21;17;9.639;16.311;21.15;13.622;36.736;15.502;2
21;18;7.848;3.646;11.797;34.875;13.533;2.243;2
21;19;5.98;7.373;3.194;3.411;5.654;48.77;2
21;20;2.444;18.406;1.996;9.236;46.249;59.351;2
22;1;9.387;4.561;8.364;13.144;16.904;48.578;3
22;2;4.366;7.653;3.193;23.605;48.553;5.46;3
22;3;0.754;19.005;21.293;30.665;5.588;37.893;3
22;4;2.607;3.208;9.918;27.573;3.137;20.542;3
22;5;0.044;13.915;10.131;21.2;43.906;26.567;3
22;6;0.807;11.712;9.003;28.779;39.173;30.736;3
22;7;7.36;5.807;1.221;30.895;13.263;33.9;3
22;8;6.7;13.65;1.264;32.981;17.129;3.801;3
22;9;9.055;14.54;1.597;31.828;44.118;21.898;3
22;10;1.449;12.937;22.358;39.391;34.863;39.376;3
22;11;1.524;10.848;28.802;1.616;15.24;51.706;3
22;12;4.619;2.839;4.416;31.039;48.463;57.464;3
22;13;1.37;18.192;3.812;17.909;31.043;55.345;3
22;14;6.735;1.937;19.959;27.493;3.538;44.934;3
22;15;7.626;2.848;1.458;24.923;4.208;59.456;3
22;16;2.302;2.184;0.611;27.665;45.919;21.596;3
22;17;6.026;5.244;24.972;22.718;36.039;4.018;3
22;18;0.416;15.876;23.079;25.274;24.271;32.63;3
22;19;2.366;2.089;5.208;18.451;4.645;56.331;3
22;20;7.112;14.451;9.442;29.158;31.477;28.37;3
23;1;3.461;11.791;27.639;19.449;43.211;22.072;2
23;2;7.318;7.536;5.038;23.115;33.813;39.947;2
23;3;5.982;19.46;27.619;23.965;3.603;27.872;2
23;4;1.726;12.098;0.674;15.198;36.693;37.708;2
23;5;0.443;0.201;7.509;20.552;2.177;54.386;2
23;6;0.857;7.942;22.858;21.759;42.568;22.357;2
23;7;5.786;14.81;25.331;11.184;49.074;1.502;2
23;8;9.306;16.113;11.837;22.895;5.025;6.308;2
23;9;9.661;16.731;7.397;22.191;38.231;56.571;2
23;10;9.389;14.25;17.459;2.558;38.257;45.451;2
23;11;4.697;4.319;11.936;1.266;26.89;38.641;2
23;12;4.622;7.555;18.325;35.835;22.56;59.167;2
23;13;3.413;2.913;24.121;36.385;42.375;54.753;2
23;14;9.631;10.573;13.308;30.425;21.08;43.992;2
23;15;7.452;4.169;12.669;19.771;15.132;13.121;2
23;16;9.73;8.457;1.19;13.779;36.862;8.345;2
23;17;5.418;2.474;17.437;24.827;8.763;56.606;2
23;18;3.479;11.033;0.517;36.652;11.469;33.744;2
23;19;6.979;1.64;23.632;31.114;9.367;0.825;2
23;20;5.304;15.671;19.932;22.276;49.753;58.172;2
24;1;9.809;6.046;28.48;23.75;38.399;45.478;1
24;2;2.63;3.604;21.825;7.207;18.319;29.111;1
24;3;1.178;17.996;21.34;23.235;8.092;52.455;1
24;4;7.475;11.507;1.637;11.499;18.882;0.756;1
24;5;8.315;4.498;16.506;15.971;39.563;41.957;1
24;6;9.179;6.527;12.704;21.079;28.375;6.634;1
24;7;2.249;7.519;9.368;1.423;1.348;26.938;1
24;8;8.84;14.403;0.413;11.292;43.707;37.114;1
24;9;3.312;6.023;20.642;38.488;46.758;23.674;1
24;10;6.139;11.628;21.546;15.315;35.548;44.173;1
24;11;3.999;4.151;13.277;10.081;40.621;4.966;1
24;12;0.885;12.765;22.819;32.918;25.929;47.183;1
24;13;9.574;0.587;25.117;7.353;49.294;13.901;1
24;14;0.463;9.337;28.541;1.21;4.246;43.919;1
24;15;9.926;19.269;16.283;38.772;43.519;59.112;1
24;16;9.066;2.937;2.799;35.545;10.626;38.946;1
24;17;2.503;18.95;15.036;5.533;36.608;13.092;1
24;18;0.797;6.571;22.682;29.54;1.553;31.382;1
24;19;0.989;17.19;26.049;1.263;6.27;36.899;1
24;20;2.115;5.568;2.545;20.184;34.707;44.677;1
25;1;1.796;4.323;23.682;13.214;18.196;7.976;3
25;2;8.321;19.372;23.673;33.634;2.454;19.026;3
25;3;2.706;6.153;2.864;26.067;8.295;39.168;3
25;4;4.656;9.565;12.844;4.922;7.624;36.109;3
25;5;5.689;10.062;22.083;23.74;39.15;52.77;3
25;6;6.135;18.659;23.773;26.091;39.288;36.594;3
25;7;1.893;13.612;1.614;8.825;12.302;11.866;3
25;8;2.242;3.192;19.626;3.309;36.52;9.789;3
25;9;5.584;5.189;13.358;30.333;15.521;42.951;3
25;10;0.342;11.291;20.372;29.799;41.638;51.995;3
25;11;7.765;9.839;0.759;2.883;46.109;57.237;3
25;12;6.219;16.109;22.673;35.467;27.419;7.369;3
25;13;2.332;5.694;4.259;35.832;43.789;49.795;3
25;14;1.561;15.465;18.803;36.779;25.493;15.224;3
25;15;6.909;16.306;21.032;26.927;12.98;17.131;3
25;16;7.453;19.038;4.716;25.103;10.649;41.065;3
25;17;6.544;13.08;17.152;3.071;32.229;59.255;3
25;18;7.97;3.923;6.6;14.226;32.553;37.384;3
25;19;9.899;13.791;10.959;9.729;36.271;28.256;3
25;20;7.968;14.23;26.223;10.343;48.614;53.992;3
26;1;6.664;3.4;27.768;29.302;15.718;53.119;2
26;2;6.941;6.297;26.953;21.595;40.796;10.706;2
26;3;6.028;2.681;6.843;39.301;43.201;10.884;2
26;4;9.643;1.366;11.861;7.608;48.072;50.705;2
26;5;9.06;7.527;14.334;8.874;23.104;21.807;2
26;6;9.464;11.746;29.916;16.883;35.652;31.3;2
26;7;5.168;15.177;19.052;16.266;11.9;24.334;2
26;8;3.947;4.085;20.109;7.831;49.973;22.371;2
26;9;4.001;0.533;4.027;30.846;8.093;8.245;2
26;10;9.005;10.054;21.496;0.568;38.061;4.38;2
26;11;1.342;13.428;21.394;3.717;14.395;8.035;2
26;12;4.466;2.989;18.16;9.468;47.827;58.107;2
26;13;2.663;10.612;24.269;32.777;39.584;35.029;2
26;14;7.224;6.213;15.569;13.665;24.249;39.411;2
26;15;5.789;5.684;6.762;10.618;3.987;2.398;2
26;16;9.347;12.552;24.479;30.392;1.911;9.095;2
26;17;8.774;4.055;2.599;27.816;16.921;21.182;2
26;18;0.997;5.084;9.889;3.547;43.228;14.848;2
26;19;4.814;8.25;24.763;28.262;34.174;29.801;2
26;20;4.912;5.797;17.239;14.075;19.123;27.641;2
27;1;7.576;2.284;11.222;22.056;40.457;53.851;1
27;2;5.261;10.629;22.995;13.739;32.96;31.256;1
27;3;2.567;1.499;4.736;27.701;39.072;51.047;1
27;4;4.095;10.588;13.937;14.523;15.023;51.73;1
27;5;9.815;7.531;9.085;32.138;19.135;38.745;1
27;6;3.748;0.993;13.775;24.014;32.387;20.158;1
27;7;7.29;1.737;16.741;32.287;1.291;28.027;1
27;8;4.934;0.722;19.207;34.126;42.139;46.854;1
27;9;1.481;16.662;6.852;2.442;45.845;52.273;1
27;10;2.398;11.695;3.985;10.786;34.295;47.059;1
27;11;0.092;6.016;7.368;7.024;9.88;49.302;1
27;12;8.188;11.667;0.932;36.698;38.568;14.396;1
27;13;8.233;15.197;28.078;38.258;43.185;5.871;1
27;14;0.454;1.365;22.125;19.058;21.735;26.93;1
27;15;3.398;2.196;10.52;16.488;27.388;19.157;1
27;16;7.341;7.479;22.225;3.15;27.529;59.214;1
27;17;5.058;6.303;1.219;15.154;45.019;33.464;1
27;18;5.973;16.11;27.63;39.566;7.547;26.803;1
27;19;0.999;7.683;4.898;29.167;10.965;2.974;1
27;20;5.072;4.392;22.897;30.074;25.499;0.742;1
28;1;0.063;6.255;23.412;10.935;12.428;53.696;1
28;2;7.968;6.205;20.231;24.612;45.526;1.719;1
28;3;9.595;7.05;18.366;32.151;1.582;30.153;1
28;4;7.859;14.655;25.809;5.335;11.499;13.019;1
28;5;8.877;0.304;15.122;19.481;10.808;30.788;1
28;6;1.319;12.847;26.775;38.021;8.615;3.312;1
28;7;2.814;2.471;7.181;12.226;30.002;58.1;1
28;8;0.302;0.458;7.584;38.322;7.209;35.14;1
28;9;0.724;12.155;29.119;29.697;13.302;4.371;1
28;10;3.297;17.094;2.912;25.76;27.699;22.566;1
28;11;2.733;9.506;3.966;14.161;15.001;13.705;1
28;12;8.558;19.246;17.156;35.934;44.203;33.86;1
28;13;0.926;4.319;15.404;4.535;45.473;36.148;1
28;14;3.728;8.541;9.018;15.511;18.292;44.732;1
28;15;3.161;16.508;12.588;0.731;36.285;54.933;1
28;16;2.208;8.631;16.818;11.813;14.373;25.788;1
28;17;3.367;1.466;3.887;30.26;42.745;57.043;1
28;18;5.633;6.522;14.046;1.761;8.034;36.393;1
28;19;1.717;9.907;20.323;24.69;40.866;2.974;1
28;20;5.485;17.36;7.934;25.452;37.266;48.75;1
29;1;6.622;9.131;27.546;34.18;9.351;11.407;1
29;2;8.215;19.264;21.611;31.4;43.657;27.803;1
29;3;7.199;14.934;6.362;16.318;40.019;44.632;1
29;4;8.406;6.478;3.301;2.057;36.446;8.584;1
29;5;0.739;14.733;7.243;13.74;27.728;14.956;1
29;6;5.848;12.497;7.142;16.38;23.854;12.249;1
29;7;8.282;13.756;6.824;8.626;26.29;46.0;1
29;8;3.64;16.101;29.212;30.013;12.795;16.363;1
29;9;8.385;10.966;11.53;36.902;16.545;56.104;1
29;10;4.289;13.315;16.934;7.777;11.656;7.672;1
29;11;6.049;17.034;1.965;11.698;39.849;54.26;1
29;12;5.306;13.08;26.797;20.663;26.105;7.027;1
29;13;3.351;12.66;27.601;9.735;48.11;40.132;1
29;14;3.168;12.535;18.7;13.426;21.069;14.338;1
29;15;7.323;10.498;20.135;24.964;40.979;44.131;1
29;16;4.52;15.414;4.41;6.366;23.186;49.462;1
29;17;6.444;14.442;11.466;7.123;47.216;53.397;1
29;18;6.443;10.259;28.911;8.636;12.719;55.395;1
29;19;1.65;19.244;20.401;22.231;40.78;23.051;1
29;20;3.546;7.945;15.306;32.859;9.675;26.605;1
30;1;8.147;16.741;16.388;26.738;45.002;56.904;2
30;2;5.551;11.412;16.766;4.321;46.097;18.628;2
30;3;5.172;6.601;7.296;27.046;18.497;18.816;2
30;4;3.753;12.006;10.166;3.085;0.952;44.187;2
30;5;7.055;12.393;2.367;12.292;48.113;1.315;2
30;6;8.865;17.127;1.241;11.501;11.559;41.299;2
30;7;4.207;12.817;13.225;25.851;35.25;41.678;2
30;8;7.07;3.872;12.058;6.039;24.742;12.853;2
30;9;0.37;2.954;0.507;21.972;26.753;26.928;2
30;10;6.405;9.733;8.86;31.052;38.638;30.734;2
30;11;4.587;0.152;26.947;37.345;3.074;41.588;2
30;12;2.171;18.383;2.699;38.179;16.093;18.141;2
30;13;2.737;2.586;13.927;35.801;8.304;43.945;2
30;14;6.525;3.957;27.802;20.566;24.158;15.133;2
30;15;1.618;0.423;27.755;22.944;10.874;23.662;2
30;16;4.855;11.378;0.381;37.428;24.47;44.496;2
30;17;9.477;6.999;14.131;6.198;39.727;44.367;2
30;18;0.733;15.571;8.782;9.002;2.926;33.709;2
30;19;9.93;8.873;15.303;9.397;48.067;10.847;2
30;20;7.518;3.185;14.168;12.67;12.809;45.62;2
31;1;5.877;13.92;18.608;17.957;21.61;19.588;3
31;2;3.414;3.537;18.542;12.826;34.679;39.022;3
31;3;6.791;6.169;26.286;1.269;6.223;3.012;3
31;4;7.056;8.076;3.928;12.17;0.258;2.616;3
31;5;2.117;10.386;8.433;1.311;39.285;13.505;3
31;6;7.594;13.833;8.47;3.654;32.445;49.046;3
31;7;1.622;8.28;15.1;24.101;3.771;13.163;3
31;8;9.147;0.979;12.314;27.775;1.719;53.178;3
31;9;9.519;13.516;3.448;9.226;41.464;49.648;3
31;10;9.296;4.405;8.462;26.028;1.712;23.198;3
31;11;0.817;18.621;20.92;34.852;42.072;29.057;3
31;12;7.681;7.783;6.806;14.249;13.114;4.951;3
31;13;8.572;0.287;14.594;27.491;46.937;25.6;3
31;14;1.988;19.855;26.691;25.733;12.145;37.801;3
31;15;1.728;0.048;23.354;31.15;42.86;17.036;3
31;16;5.615;5.561;8.343;3.089;14.041;46.481;3
31;17;5.488;7.766;9.065;23.853;19.447;42.076;3
31;18;7.309;2.204;28.347;1.291;1.866;46.421;3
31;19;1.472;17.994;9.947;24.99;2.056;3.292;3
31;20;1.593;7.485;6.946;33.267;10.56;2.044;3
32;1;5.518;8.445;4.219;12.498;43.754;14.571;1
32;2;4.933;13.467;4.398;13.545;46.88;49.235;1
32;3;1.307;5.121;23.969;9.288;10.049;39.631;1
32;4;2.91;1.632;23.659;31.511;8.738;49.436;1
32;5;0.733;19.378;16.85;4.341;28.418;2.913;1
32;6;2.668;7.503;8.986;24.159;36.703;2.212;1
32;7;0.643;17.994;14.98;36.491;10.35;45.792;1
32;8;6.733;16.053;1.048;9.68;34.169;3.012;1
32;9;8.041;0.076;27.229;3.327;0.827;42.285;1
32;10;5.738;16.24;4.119;7.196;30.593;30.547;1
32;11;1.859;1.836;7.457;5.243;11.417;39.202;1
32;12;1.108;12.54;22.929;21.79;14.162;4.978;1
32;13;1.487;9.402;4.02;29.366;38.735;51.009;1
32;14;8.556;19.895;7.358;13.59;12.489;16.538;1
32;15;8.589;11.101;14.17;27.253;36.873;26.847;1
32;16;2.887;0.509;21.051;0.875;34.012;32.759;1
32;17;1.254;5.621;17.675;5.38;42.814;23.176;1
32;18;6.049;4.718;28.135;7.395;45.977;21.565;1
32;19;7.321;7.382;21.951;10.086;4.955;3.695;1
32;20;1.347;1.332;5.112;36.948;15.682;20.191;1
33;1;6.221;4.59;11.647;1.781;21.347;59.574;2
33;2;3.297;15.034;11.142;8.021;42.256;36.142;2
33;3;0.977;8.023;12.635;32.713;25.699;37.851;2
33;4;4.989;11.729;27.711;17.716;33.86;25.978;2
33;5;7.653;19.441;1.257;32.672;26.289;54.956;2
33;6;1.542;18.786;29.805;14.047;19.916;43.688;2
33;7;7.694;13.107;24.424;3.978;30.378;59.745;2
33;8;5.758;7.373;21.31;28.464;48.755;23.025;2
33;9;3.314;13.75;5.378;3.04;14.782;34.578;2
33;10;1.976;15.954;24.965;3.798;16.009;58.762;2
33;11;7.128;7.135;23.875;17.56;2.831;58.869;2
33;12;9.277;19.194;8.414;26.942;45.451;51.241;2
33;13;2.086;0.726;28.668;17.358;9.557;46.518;2
33;14;4.094;3.17;29.0;7.253;42.329;43.443;2
33;15;4.139;15.469;28.427;28.668;1.464;41.429;2
33;16;6.794;12.037;13.579;38.11;33.747;6.306;2
33;17;4.238;19.969;29.01;31.41;43.417;58.559;2
33;18;7.39;1.572;22.224;8.004;47.555;38.961;2
33;19;4.451;15.912;21.382;19.362;17.61;19.687;2
33;20;5.953;1.193;14.086;3.129;19.478;54.057;2
34;1;5.685;3.31;20.558;38.46;43.014;23.564;3
34;2;5.889;15.478;17.665;9.609;46.294;51.374;3
34;3;6.079;13.194;22.645;29.575;2.563;28.644;3
34;4;0.939;11.081;19.239;14.275;17.634;21.202;3
34;5;3.041;0.883;29.895;12.15;3.632;1.556;3
34;6;5.956;19.91;13.206;28.264;25.547;19.166;3
34;7;1.571;18.363;12.343;11.689;21.789;51.516;3
34;8;3.186;6.735;23.273;22.692;39.997;2.645;3
34;9;5.654;0.955;21.705;14.716;8.652;37.261;3
34;10;4.705;4.914;11.843;3.448;19.671;14.851;3
34;11;8.787;0.907;20.051;16.158;40.389;36.926;3
34;12;1.122;9.254;10.662;15.291;49.197;54.135;3
34;13;6.338;11.706;29.627;3.0;36.358;59.083;3
34;14;2.944;14.27;25.314;14.773;2.194;23.776;3
34;15;7.691;18.052;25.831;22.198;32.757;1.734;3
34;16;7.007;5.629;27.763;17.74;18.775;32.999;3
34;17;0.159;5.594;9.816;33.51;29.309;14.273;3
34;18;7.465;14.499;13.775;19.488;8.469;12.359;3
34;19;9.899;16.535;28.578;30.252;15.93;8.451;3
34;20;9.116;9.388;5.817;35.427;37.371;54.806;3
35;1;5.904;6.08;13.469;20.606;47.625;54.942;1
35;2;3.845;17.81;13.344;4.582;2.561;36.421;1
35;3;3.079;0.802;20.471;23.661;49.926;27.81;1
35;4;6.042;10.525;17.486;18.949;47.254;8.867;1
35;5;0.047;10.475;5.41;29.046;35.306;54.953;1
35;6;4.896;9.559;23.599;2.825;18.57;59.162;1
35;7;9.549;12.959;17.258;17.876;5.184;15.125;1
35;8;3.026;17.989;8.519;2.646;45.111;44.168;1
35;9;2.728;18.162;24.189;0.327;14.857;43.613;1
35;10;2.729;11.555;0.145;26.58;42.759;5.082;1
35;11;3.235;15.813;27.803;5.063;5.802;3.382;1
35;12;6.338;15.394;18.466;0.737;0.786;32.148;1
35;13;5.362;17.553;9.255;11.602;38.232;25.562;1
35;14;6.633;16.738;23.034;37.986;0.806;47.177;1
35;15;0.418;7.514;7.434;33.753;37.62;13.735;1
35;16;8.186;17.554;1.117;13.461;12.246;27.542;1
35;17;7.387;18.648;22.074;3.516;27.387;17.44;1
35;18;8.718;14.114;28.845;8.861;11.898;13.042;1
35;19;9.31;17.468;25.361;18.47;18.412;29.356;1
35;20;7.564;1.158;20.025;2.851;37.606;32.017;1
36;1;2.848;6.018;27.7;32.659;41.673;17.573;1
36;2;9.194;16.517;12.171;38.332;8.956;9.614;1
36;3;8.644;14.198;0.932;22.408;27.115;5.648;1
36;4;1.386;5.791;25.355;20.368;14.987;17.866;1
36;5;1.012;15.716;24.946;13.384;46.584;57.626;1
36;6;0.159;17.175;0.504;36.706;2.431;57.423;1
36;7;0.703;12.461;11.59;3.945;32.819;0.193;1
36;8;3.404;0.006;11.087;3.465;8.522;28.585;1
36;9;6.393;5.929;10.915;1.808;5.317;57.179;1
36;10;5.592;11.907;1.272;5.529;27.818;42.733;1
36;11;5.449;8.911;20.874;35.985;16.519;23.864;1
36;12;8.173;5.236;7.612;9.622;20.222;24.054;1
36;13;0.726;11.988;8.029;10.696;47.498;42.201;1
36;14;7.199;4.711;17.462;21.691;19.169;6.515;1
36;15;9.439;9.25;23.04;32.413;19.351;0.831;1
36;16;5.818;2.59;1.936;28.57;16.414;45.931;1
36;17;1.257;3.425;15.613;21.842;6.442;42.979;1
36;18;2.793;13.861;5.236;18.601;35.826;55.343;1
36;19;0.203;2.289;10.537;33.533;15.51;40.79;1
36;20;3.725;14.981;21.267;9.136;18.146;38.408;1
37;1;9.704;19.558;27.501;25.853;41.367;50.559;3
37;2;8.662;8.949;13.13;33.623;28.474;12.165;3
37;3;1.121;2.948;6.474;14.266;5.085;53.889;3
37;4;0.947;17.869;2.209;19.615;17.738;18.524;3
37;5;5.488;10.439;16.635;26.8;47.124;41.334;3
37;6;7.143;4.737;12.747;10.186;36.563;29.758;3
37;7;4.137;17.528;24.679;22.804;36.932;34.924;3
37;8;4.929;18.041;21.285;30.891;29.847;36.219;3
37;9;2.365;5.024;7.419;28.218;47.946;16.708;3
37;10;4.327;18.047;16.181;27.889;10.331;54.835;3
37;11;8.779;19.413;3.429;34.234;10.184;40.951;3
37;12;2.056;11.989;29.232;17.943;43.885;15.491;3
37;13;0.95;0.169;13.296;2.291;31.008;24.36;3
37;14;0.861;9.19;27.522;23.236;32.317;14.714;3
37;15;9.46;11.64;9.057;18.561;45.422;38.559;3
37;16;9.355;6.634;22.936;36.246;6.613;43.841;3
37;17;4.579;13.212;10.459;24.472;38.805;47.154;3
37;18;4.76;6.788;0.396;10.508;28.53;0.215;3
37;19;6.5;10.793;19.891;12.75;0.445;23.605;3
37;20;4.041;2.992;23.081;29.799;19.223;42.453;3
38;1;3.485;19.995;5.506;22.399;6.483;59.584;1
38;2;3.634;10.661;14.411;18.535;14.76;32.645;1
38;3;0.579;1.484;9.963;23.894;21.415;0.993;1
38;4;6.162;15.879;14.643;14.215;18.943;36.273;1
38;5;6.104;17.701;8.758;27.317;38.498;41.159;1
38;6;1.925;12.382;9.784;1.148;24.659;54.608;1
38;7;5.621;6.026;10.799;10.776;34.878;26.555;1
38;8;7.648;19.97;3.531;10.973;30.147;38.231;1
38;9;1.484;15.329;12.943;20.031;31.482;10.634;1
38;10;0.129;0.254;27.407;31.893;43.851;8.742;1
38;11;2.992;12.541;13.956;33.933;49.366;46.271;1
38;12;6.399;16.837;29.39;28.588;15.882;24.161;1
38;13;6.025;18.466;21.41;7.662;41.201;10.564;1
38;14;9.746;19.935;23.133;22.489;6.719;55.412;1
38;15;4.494;11.258;18.107;35.808;38.843;11.23;1
38;16;5.782;14.392;9.919;35.792;15.985;43.449;1
38;17;9.039;10.977;28.746;15.382;20.294;33.162;1
38;18;4.068;13.678;4.703;30.769;44.454;1.695;1
38;19;4.567;0.088;17.189;15.569;10.178;17.168;1
38;20;0.42;5.191;22.353;35.074;19.743;36.392;1
39;1;6.703;13.939;18.377;24.561;3.984;5.001;1
39;2;1.527;12.481;12.171;7.272;10.543;3.273;1
39;3;0.854;11.532;5.789;10.229;37.331;4.829;1
39;4;0.935;3.163;26.776;38.808;11.543;9.522;1
39;5;8.627;11.858;11.028;18.612;30.869;25.812;1
39;6;6.411;7.767;20.548;3.037;13.531;5.154;1
39;7;3.559;11.231;24.179;18.975;21.967;32.862;1
39;8;8.787;2.497;21.376;24.252;38.846;7.397;1
39;9;0.487;7.096;5.825;14.974;9.488;32.829;1
39;10;4.367;11.968;20.034;13.95;30.708;59.374;1
39;11;4.253;0.785;20.224;1.716;27.193;44.403;1
39;12;5.019;7.091;6.559;16.352;27.938;59.057;1
39;13;3.74;16.506;26.908;28.142;45.799;7.118;1
39;14;8.762;0.781;2.937;36.003;32.686;18.464;1
39;15;3.946;5.179;25.308;33.821;1.636;27.735;1
39;16;9.891;5.641;9.166;21.127;40.786;11.851;1
39;17;0.303;14.439;2.655;17.207;6.004;18.174;1
39;18;8.547;19.3;22.241;24.345;40.73;47.486;1
39;19;0.89;0.111;22.079;13.571;32.478;20.661;1
39;20;2.56;14.756;10.636;26.073;34.097;41.513;1
40;1;7.735;3.383;23.857;4.919;27.854;26.606;3
40;2;5.767;12.342;21.865;17.789;2.702;49.581;3
40;3;0.4;5.555;20.674;36.989;48.552;10.66;3
40;4;4.053;1.66;28.97;39.402;22.474;34.116;3
40;5;0.585;11.408;12.275;6.125;49.165;1.587;3
40;6;0.383;13.744;5.134;19.176;10.173;55.098;3
40;7;2.563;12.72;21.659;6.808;39.028;34.289;3
40;8;2.96;9.852;24.134;31.203;10.834;48.205;3
40;9;5.86;1.507;24.582;13.561;22.178;38.829;3
40;10;0.956;14.531;8.548;16.759;46.784;50.848;3
40;11;7.734;4.347;14.542;18.997;3.02;59.752;3
40;12;3.324;0.639;15.863;13.489;39.646;45.136;3
40;13;9.426;6.417;10.79;17.041;6.782;28.326;3
40;14;6.205;14.237;20.382;24.566;44.523;21.772;3
40;15;0.054;1.486;27.465;25.808;45.007;29.792;3
40;16;5.873;7.93;6.809;33.233;1.634;57.935;3
40;17;0.319;3.121;27.867;14.911;36.683;11.618;3
40;18;4.37;7.625;21.761;31.364;35.005;39.763;3
40;19;4.13;17.377;21.855;12.428;33.943;9.722;3
40;20;4.664;0.331;14.386;16.297;29.288;27.151;3
41;1;8.228;0.427;0.202;5.458;27.51;23.239;3
41;2;3.93;13.607;23.427;14.049;27.954;40.988;3
41;3;9.837;14.9;8.197;38.381;18.118;32.71;3
41;4;5.381;1.793;13.495;26.282;44.298;56.653;3
41;5;0.108;18.932;18.311;32.04;34.775;23.227;3
41;6;7.364;10.864;4.358;29.301;8.242;0.949;3
41;7;1.198;0.145;4.854;16.347;30.058;46.127;3
41;8;3.743;13.137;8.642;0.472;5.87;43.152;3
41;9;8.747;17.232;8.208;36.178;49.776;27.823;3
41;10;6.849;6.909;24.93;12.963;4.712;2.023;3
41;11;0.024;7.516;2.492;0.887;48.028;58.129;3
41;12;7.196;15.331;16.956;28.895;39.401;12.22;3
41;13;0.423;7.485;25.283;25.545;49.495;8.596;3
41;14;5.992;5.116;10.73;37.988;13.784;3.064;3
41;15;6.399;6.001;19.677;21.295;43.378;46.64;3
41;16;2.619;19.522;17.743;0.14;14.518;16.993;3
41;17;7.205;1.348;21.961;9.202;7.545;46.955;3
41;18;5.794;16.197;28.706;24.203;26.226;46.209;3
41;19;0.803;9.711;17.188;25.285;42.507;13.57;3
41;20;9.391;2.622;23.772;8.026;34.802;5.23;3
42;1;0.02;14.99;4.578;28.609;42.843;27.533;3
42;2;9.899;3.356;9.49;31.325;19.207;21.267;3
42;3;3.458;2.328;23.004;30.189;46.16;24.251;3
42;4;2.91;9.506;8.263;38.493;26.796;52.735;3
42;5;9.039;17.815;9.061;0.739;47.824;22.797;3
42;6;1.424;13.935;26.534;28.198;40.707;47.251;3
42;7;8.932;13.003;2.539;16.75;8.61;7.749;3
42;8;2.163;13.864;29.727;22.886;9.092;16.634;3
42;9;1.866;6.759;15.283;16.156;47.624;34.337;3
42;10;9.14;15.878;16.193;26.309;33.098;38.419;3
42;11;3.353;10.914;13.0;32.087;21.686;46.018;3
42;12;7.701;13.92;3.895;5.806;18.719;59.996;3
42;13;9.584;14.943;13.729;21.396;3.793;28.819;3
42;14;1.981;1.222;25.601;11.865;5.587;28.161;3
42;15;7.014;13.953;26.762;16.216;48.825;20.003;3
42;16;0.431;5.982;28.091;22.546;20.054;21.001;3
42;17;0.998;8.573;2.036;25.477;11.225;14.842;3
42;18;5.411;16.683;19.92;21.258;12.389;23.297;3
42;19;3.707;18.903;6.287;26.753;18.436;18.397;3
42;20;8.739;0.558;23.386;9.462;28.987;51.672;3
43;1;7.208;3.925;10.709;0.245;19.563;33.06;1
43;2;1.877;7.386;20.166;22.998;41.635;28.918;1
43;3;3.095;3.222;11.908;39.322;4.618;9.13;1
43;4;4.401;18.257;19.098;10.414;26.394;53.198;1
43;5;0.379;9.478;12.285;32.799;31.387;11.309;1
43;6;9.588;12.771;28.881;30.861;11.214;5.789;1
43;7;3.24;5.003;26.697;31.187;9.291;10.72;1
43;8;3.702;15.942;10.424;28.45;27.424;49.742;1
43;9;4.979;12.157;16.497;18.209;35.48;35.298;1
43;10;9.199;7.951;8.074;29.324;40.307;7.336;1
43;11;8.51;2.104;29.912;3.014;48.767;21.145;1
43;12;7.318;7.362;29.252;31.736;49.048;36.527;1
43;13;1.645;12.101;10.127;0.842;20.482;5.309;1
43;14;6.778;0.356;29.505;38.373;21.076;56.007;1
43;15;0.015;9.678;2.68;9.206;26.731;2.481;1
43;16;5.749;5.34;13.78;10.303;13.862;32.523;1
43;17;9.567;15.48;5.701;29.024;16.521;25.925;1
43;18;3.905;4.631;29.771;18.049;3.43;3.605;1
43;19;9.038;6.153;26.528;5.534;22.787;18.807;1
43;20;9.086;12.989;9.158;3.154;35.961;28.414;1
44;1;4.278;6.845;22.106;1.422;42.704;18.171;3
44;2;7.557;17.375;16.987;15.222;29.478;56.421;3
44;3;1.086;15.977;4.539;18.736;31.746;4.815;3
44;4;7.045;0.773;10.748;22.403;18.882;56.361;3
44;5;5.745;5.348;13.288;7.897;35.356;48.832;3
44;6;1.786;16.259;25.098;31.077;5.957;29.038;3
44;7;6.89;4.365;17.042;15.537;46.245;35.709;3
44;8;0.068;6.583;12.793;26.082;16.822;59.473;3
44;9;6.632;11.839;21.645;0.665;43.352;42.951;3
44;10;5.203;1.642;9.798;6.601;17.545;14.577;3
44;11;7.544;2.738;24.139;34.653;26.095;22.463;3
44;12;7.235;4.353;10.523;26.078;0.371;19.108;3
44;13;9.917;1.669;27.772;15.713;2.735;40.854;3
44;14;1.065;9.254;15.353;18.805;29.024;15.424;3
44;15;7.2;12.528;1.662;10.045;0.371;4.159;3
44;16;7.515;10.843;9.436;24.429;28.592;56.607;3
44;17;5.54;8.082;19.947;22.045;29.252;55.964;3
44;18;8.334;3.948;19.08;9.399;0.519;7.147;3
44;19;3.514;10.993;0.938;27.666;17.389;13.046;3
44;20;4.83;3.952;21.048;9.708;1.148;22.194;3
45;1;5.262;16.598;26.101;1.185;42.967;39.533;1
45;2;9.423;17.227;2.628;19.095;49.142;18.956;1
45;3;8.331;12.554;6.447;18.567;10.411;38.332;1
45;4;3.553;15.654;28.945;31.7;1.002;34.936;1
45;5;8.897;12.257;8.988;6.894;18.237;25.809;1
45;6;4.71;17.225;0.589;38.108;27.282;27.174;1
45;7;8.36;19.336;27.474;29.3;2.116;18.322;1
45;8;3.866;18.165;13.179;36.656;9.561;58.687;1
45;9;2.795;15.464;24.413;13.714;5.863;40.15;1
45;10;5.138;18.222;25.824;16.12;21.145;56.703;1
45;11;8.905;9.494;27.875;36.893;24.105;53.511;1
45;12;6.422;3.491;19.774;21.508;8.168;11.522;1
45;13;4.645;14.723;2.861;23.427;43.265;24.659;1
45;14;1.18;7.989;24.853;36.653;43.714;40.681;1
45;15;6.136;19.746;8.914;8.869;44.705;12.605;1
45;16;0.754;12.704;20.0;31.334;21.129;34.563;1
45;17;5.843;5.922;17.863;19.249;5.074;9.856;1
45;18;7.644;14.781;2.568;14.76;11.179;43.877;1
45;19;6.209;17.231;2.602;16.303;31.693;31.425;1
45;20;8.328;3.166;19.399;26.06;0.367;13.722;1
46;1;0.517;1.388;2.53;11.562;1.016;42.34;2
46;2;1.641;10.725;16.441;25.479;1.866;58.027;2
46;3;9.879;8.237;27.324;4.289;44.285;22.515;2
46;4;1.864;11.433;6.819;27.891;42.635;31.889;2
46;5;4.016;11.351;14.244;5.23;43.36;12.096;2
46;6;3.142;0.813;8.58;31.213;16.649;22.458;2
46;7;5.206;1.499;15.79;17.833;37.516;47.884;2
46;8;1.244;9.959;23.582;38.351;4.643;34.615;2
46;9;5.162;8.29;22.358;16.573;1.127;44.028;2
46;10;5.75;18.723;5.962;18.277;19.235;2.107;2
46;11;4.896;12.931;22.67;8.218;15.959;39.523;2
46;12;2.985;4.158;0.28;22.134;39.851;34.683;2
46;13;2.674;15.059;23.701;17.479;3.586;22.93;2
46;14;8.836;8.219;1.931;15.895;33.895;52.258;2
46;15;7.288;1.927;27.244;17.863;5.184;29.225;2
46;16;9.777;17.012;17.152;30.674;16.181;42.996;2
46;17;6.225;8.078;0.353;39.576;26.973;53.411;2
46;18;8.956;15.508;2.529;3.136;0.517;39.246;2
46;19;7.711;13.979;2.693;33.362;35.635;23.741;2
46;20;9.571;18.157;18.559;21.325;35.725;8.894;2
47;1;4.438;9.069;22.207;17.132;14.447;55.142;1
47;2;5.523;18.133;15.728;30.047;48.497;40.5;1
47;3;7.023;3.244;19.405;30.293;0.335;23.874;1
47;4;6.873;16.082;10.392;33.184;25.476;10.361;1
47;5;5.9;13.582;10.973;10.594;0.56;33.77;1
47;6;5.129;2.419;19.081;13.611;36.738;10.195;1
47;7;7.117;18.468;16.368;2.163;27.361;10.083;1
47;8;6.3;7.063;26.158;18.138;45.713;28.721;1
47;9;5.903;4.396;0.059;30.589;19.399;2.134;1
47;10;2.24;9.895;8.388;10.287;38.751;46.374;1
47;11;2.229;9.061;8.308;17.675;9.539;9.403;1
47;12;6.727;6.901;19.101;33.922;42.861;47.956;1
47;13;5.301;13.656;6.827;4.139;18.699;51.414;1
47;14;7.642;6.358;10.251;16.332;49.023;27.392;1
47;15;0.769;5.817;25.996;32.223;13.259;31.023;1
47;16;1.001;6.147;28.662;26.183;23.932;16.721;1
47;17;6.947;5.714;5.512;14.769;30.114;20.032;1
47;18;1.0;13.944;2.234;3.616;14.535;26.485;1
47;19;2.662;14.08;20.402;9.93;15.153;22.027;1
47;20;2.726;15.735;0.695;30.336;5.649;10.391;1
48;1;7.353;3.875;24.612;13.138;15.203;36.028;3
48;2;9.606;1.8;14.571;29.36;45.027;42.412;3
48;3;6.907;2.107;24.097;25.25;41.699;2.821;3
48;4;1.878;6.635;16.859;31.78;30.706;57.439;3
48;5;9.391;11.323;1.082;5.762;38.574;41.699;3
48;6;5.58;5.719;14.483;23.535;30.31;42.943;3
48;7;5.441;7.722;20.801;16.688;37.528;24.071;3
48;8;0.472;14.687;11.263;22.013;0.166;28.728;3
48;9;6.525;13.939;5.998;7.217;47.146;41.978;3
48;10;8.0;3.597;15.198;19.792;31.472;33.28;3
48;11;2.227;12.266;19.764;14.2;9.518;55.783;3
48;12;0.616;18.627;7.367;28.654;29.879;16.563;3
48;13;7.621;13.992;22.664;35.967;31.564;25.686;3
48;14;8.926;10.665;18.358;0.582;49.517;51.85;3
48;15;4.231;5.637;13.926;32.262;43.846;12.282;3
48;16;4.601;5.675;8.866;6.899;6.521;8.942;3
48;17;8.794;5.788;9.419;34.042;0.463;13.435;3
48;18;0.107;1.995;24.455;5.098;4.113;3.368;3
48;19;5.357;19.618;12.005;28.875;47.019;30.071;3
48;20;7.672;7.821;27.579;20.305;49.316;47.745;3
49;1;4.153;11.015;18.109;21.589;30.774;5.725;3
49;2;4.002;7.763;2.646;3.324;19.507;12.102;3
49;3;6.677;15.533;28.899;22.729;27.666;8.907;3
49;4;7.219;18.268;7.269;3.025;43.678;35.667;3
49;5;7.114;8.74;1.723;25.151;46.7;19.701;3
49;6;4.823;19.628;6.568;4.61;36.832;6.702;3
49;7;3.222;6.779;25.938;14.174;23.2;40.41;3
49;8;2.62;11.613;11.2;39.07;41.153;46.26;3
49;9;0.815;19.828;17.744;12.638;17.356;26.003;3
49;10;5.8;12.848;15.01;33.411;24.62;48.31;3
49;11;9.809;17.272;19.977;10.294;7.388;40.817;3
49;12;6.734;2.098;7.758;14.813;36.926;24.577;3
49;13;2.822;8.558;7.126;9.615;6.358;50.936;3
49;14;2.045;5.492;2.848;21.557;32.344;43.058;3
49;15;6.405;4.325;17.436;12.297;5.218;18.512;3
49;16;2.872;5.956;27.388;27.775;27.639;39.626;3
49;17;2.273;13.365;19.091;11.296;37.173;42.259;3
49;18;6.17;19.78;18.216;26.087;47.901;8.211;3
49;19;9.151;9.588;7.477;4.185;24.079;23.538;3
49;20;6.736;13.761;25.415;1.972;19.801;20.915;3
50;1;9.135;0.312;22.679;9.838;7.218;57.579;2
50;2;5.577;8.525;2.299;27.579;21.157;58.707;2
50;3;2.13;9.844;10.325;10.347;37.083;22.709;2
50;4;5.705;15.816;21.974;5.073;40.03;50.049;2
50;5;6.488;19.958;2.153;2.267;14.129;19.348;2
50;6;8.343;8.173;22.341;8.706;3.116;22.24;2
50;7;3.798;1.985;16.084;6.005;14.137;53.1;2
50;8;2.514;1.236;26.646;5.967;20.887;5.125;2
50;9;1.591;5.715;10.445;5.738;46.595;27.144;2
50;10;9.21;10.778;19.886;8.734;40.607;16.076;2
50;11;0.88;15.845;13.584;10.633;22.267;6.849;2
50;12;6.22;12.66;10.46;5.958;30.762;25.661;2
50;13;6.613;19.278;28.763;27.399;25.435;53.446;2
50;14;8.555;11.645;25.516;3.876;34.182;17.955;2
50;15;5.226;7.267;25.792;31.792;48.951;15.07;2
50;16;7.869;7.208;3.375;21.59;14.85;13.724;2
50;17;3.567;0.239;0.41;16.362;42.663;45.339;2
50;18;8.017;9.81;20.825;35.513;4.23;58.794;2
50;19;0.313;9.981;8.758;4.317;13.37;46.597;2
50;20;9.292;9.117;28.135;2.152;22.18;41.898;2
51;1;2.372;4.428;28.047;34.902;8.93;29.096;2
51;2;9.361;15.333;29.55;21.204;1.696;47.53;2
51;3;8.521;19.772;11.341;27.102;27.43;54.868;2
51;4;4.781;15.825;19.64;2.499;11.705;0.295;2
51;5;1.961;3.366;15.327;9.994;32.649;44.9;2
51;6;3.588;17.035;0.555;5.349;47.961;23.664;2
51;7;3.603;0.258;23.006;20.237;12.199;36.967;2
51;8;8.568;13.273;4.929;29.371;12.878;19.054;2
51;9;8.089;18.674;19.631;8.834;3.568;56.99;2
51;10;7.034;17.979;21.1;6.234;48.371;25.968;2
51;11;7.58;5.983;24.209;36.94;41.197;26.198;2
51;12;4.437;7.099;25.641;0.535;22.399;1.136;2
51;13;7.358;11.575;22.35;24.12;9.5;10.531;2
51;14;7.508;18.736;1.783;33.969;16.259;58.003;2
51;15;2.324;7.99;23.123;4.637;31.67;50.614;2
51;16;0.069;3.651;5.657;14.641;18.968;9.956;2
51;17;2.05;17.34;26.624;36.796;41.09;34.327;2
51;18;3.101;0.063;27.633;14.859;35.081;23.219;2
51;19;5.927;10.113;22.581;27.762;15.194;4.291;2
51;20;1.679;17.845;10.919;5.087;42.032;41.175;2
52;1;8.879;17.076;18.474;12.456;49.71;39.683;1
52;2;2.03;17.844;21.72;39.953;15.499;48.98;1
52;3;4.583;0.56;0.455;30.601;9.194;59.653;1
52;4;6.05;6.209;11.023;4.932;27.014;44.619;1
52;5;1.596;12.22;3.208;16.134;33.01;14.595;1
52;6;2.343;11.41;3.474;29.573;2.171;38.807;1
52;7;3.761;13.473;7.156;10.89;15.897;57.8;1
52;8;0.992;18.964;16.022;1.934;48.017;47.539;1
52;9;4.425;5.013;9.407;11.657;39.063;42.37;1
52;10;4.202;4.288;15.123;14.464;18.426;0.329;1
52;11;6.548;6.842;3.552;31.535;22.02;28.035;1
52;12;0.964;15.62;2.007;35.281;5.842;58.849;1
52;13;2.12;12.82;21.532;29.072;30.433;7.875;1
52;14;6.228;0.473;23.867;19.173;4.968;31.322;1
52;15;7.743;0.822;23.807;22.471;15.691;44.541;1
52;16;3.002;5.788;16.581;36.296;48.558;12.661;1
52;17;2.978;3.639;17.356;7.257;4.629;39.259;1
52;18;7.413;2.173;5.094;6.274;28.543;55.527;1
52;19;5.616;15.872;25.02;12.788;44.57;31.359;1
52;20;2.029;8.996;5.1;8.976;16.331;46.762;1
53;1;4.507;3.574;5.477;37.641;0.076;58.101;1
53;2;5.433;16.051;1.33;25.2;49.262;49.718;1
53;3;9.019;10.884;1.206;19.23;12.425;51.464;1
53;4;7.8;19.842;26.565;38.834;40.576;59.285;1
53;5;4.947;15.656;17.595;39.377;30.992;20.194;1
53;6;6.716;15.171;26.255;35.008;18.796;3.545;1
53;7;0.127;14.578;0.855;0.006;41.695;0.862;1
53;8;1.463;6.854;0.326;15.343;35.689;42.224;1
53;9;9.683;12.985;18.348;10.986;38.525;43.996;1
53;10;3.298;19.317;20.128;29.154;32.515;16.176;1
53;11;6.902;1.2;9.619;38.19;16.015;33.185;1
53;12;9.409;18.707;3.1;9.191;6.982;24.973;1
53;13;0.237;18.293;22.257;6.669;1.834;30.165;1
53;14;1.339;18.34;15.801;0.776;21.784;15.459;1
53;15;1.529;2.803;9.913;26.482;6.621;24.063;1
53;16;9.521;13.524;15.416;24.202;38.529;6.051;1
53;17;1.792;2.849;11.791;11.022;18.802;26.11;1
53;18;3.62;6.165;20.539;26.266;27.452;2.024;1
53;19;4.807;16.567;13.39;5.709;28.39;3.958;1
53;20;6.658;19.731;12.76;14.653;40.519;50.975;1
54;1;3.318;9.123;27.031;36.968;27.005;39.987;3
54;2;3.109;15.865;28.135;24.766;10.68;14.218;3
54;3;9.153;16.84;2.942;11.631;36.648;16.927;3
54;4;8.375;1.524;9.509;19.104;35.48;4.926;3
54;5;2.321;9.48;29.285;9.324;13.807;41.748;3
54;6;0.794;5.098;21.774;5.362;2.533;48.046;3
54;7;4.157;3.731;3.498;12.695;5.391;31.677;3
54;8;7.668;16.338;2.366;18.784;2.512;35.275;3
54;9;5.984;6.085;3.53;23.762;21.785;20.368;3
54;10;7.53;7.651;10.622;22.697;47.636;3.366;3
54;11;0.952;8.98;6.39;12.787;36.526;55.506;3
54;12;9.558;2.697;19.398;29.815;40.31;18.237;3
54;13;4.696;1.97;27.655;7.425;15.902;36.069;3
54;14;6.084;0.522;22.028;5.616;13.268;15.812;3
54;15;6.611;19.405;5.014;11.965;3.531;2.704;3
54;16;8.842;3.784;21.77;20.9;4.626;5.157;3
54;17;6.733;4.056;13.086;29.33;20.787;7.212;3
54;18;1.506;9.946;12.45;16.381;11.014;13.723;3
54;19;1.091;11.206;8.993;7.838;7.824;50.273;3
54;20;6.901;5.031;23.924;39.983;21.34;35.609;3
55;1;5.174;13.152;11.947;39.046;6.41;24.031;2
55;2;4.608;19.56;22.437;38.651;39.953;1.664;2
55;3;0.831;11.021;27.452;16.44;3.637;18.372;2
55;4;6.965;17.884;15.262;21.082;6.595;21.476;2
55;5;7.633;1.555;0.766;18.761;46.295;21.839;2
55;6;9.705;8.325;1.236;22.181;22.107;8.081;2
55;7;6.075;0.043;19.827;25.918;38.768;38.314;2
55;8;7.124;13.428;16.653;3.099;28.685;32.389;2
55;9;9.177;17.404;23.219;28.047;32.038;31.391;2
55;10;5.049;15.022;12.601;3.345;3.343;12.056;2
55;11;9.089;14.312;29.264;6.594;7.768;55.267;2
55;12;0.779;8.604;26.466;3.935;2.474;45.138;2
55;13;7.764;6.768;11.823;19.494;26.095;0.119;2
55;14;4.068;6.374;20.687;15.02;28.935;50.242;2
55;15;3.81;14.591;6.05;26.721;33.371;18.71;2
55;16;6.075;3.423;29.344;15.93;31.878;57.245;2
55;17;6.109;17.203;3.107;3.62;8.08;41.125;2
55;18;7.822;16.109;29.052;9.615;21.46;2.244;2
55;19;7.686;13.876;7.783;29.007;6.806;13.421;2
55;20;3.906;15.892;18.764;8.203;41.999;36.999;2
56;1;7.665;4.904;29.035;9.057;37.846;12.166;1
56;2;8.507;14.239;29.19;19.28;22.585;3.605;1
56;3;6.924;3.697;5.053;8.986;43.185;19.005;1
56;4;0.026;4.477;10.07;24.093;19.268;30.911;1
56;5;7.41;10.976;24.256;34.456;47.165;7.434;1
56;6;7.945;2.096;27.836;2.036;24.452;8.566;1
56;7;6.096;14.284;4.872;34.856;20.795;34.143;1
56;8;1.882;14.614;29.767;38.232;43.055;57.173;1
56;9;2.229;9.191;18.433;12.788;38.147;11.191;1
56;10;9.262;1.702;27.173;18.979;38.527;43.247;1
56;11;4.448;13.562;17.099;33.565;6.889;43.623;1
56;12;2.336;1.276;16.585;14.127;19.671;12.4;1
56;13;8.452;16.879;20.173;21.964;40.598;12.976;1
56;14;0.947;0.068;5.708;22.483;38.075;19.435;1
56;15;7.474;11.171;8.699;15.077;16.342;12.298;1
56;16;1.011;17.906;4.701;0.172;32.949;39.539;1
56;17;2.959;15.471;11.351;34.316;1.732;5.301;1
56;18;9.244;5.551;17.63;35.275;4.715;1.032;1
56;19;4.985;12.225;11.513;11.338;9.772;9.064;1
56;20;6.844;15.902;15.065;14.322;4.954;49.596;1
57;1;3.835;16.453;18.702;5.477;17.92;31.046;1
57;2;5.152;2.183;23.926;2.616;10.5;9.642;1
57;3;5.958;12.589;19.879;29.56;45.373;23.653;1
57;4;5.551;11.948;22.919;17.717;46.59;58.508;1
57;5;0.936;4.511;1.742;10.544;39.55;44.19;1
57;6;8.84;0.122;20.035;33.205;30.432;2.361;1
57;7;2.507;18.26;10.28;12.628;48.233;43.967;1
57;8;6.973;8.412;11.219;6.164;39.273;59.691;1
57;9;2.533;19.211;1.158;25.441;13.178;26.391;1
57;10;1.352;7.25;12.255;5.293;24.268;46.687;1
57;11;6.812;16.998;11.087;10.955;11.318;59.543;1
57;12;6.002;1.555;4.31;34.315;4.534;29.919;1
57;13;7.937;18.387;15.931;27.736;26.009;9.483;1
57;14;6.346;19.329;25.352;1.745;27.115;14.324;1
57;15;3.244;1.283;16.204;26.991;41.265;14.472;1
57;16;2.079;7.073;23.539;23.179;45.905;17.24;1
57;17;2.14;1.063;26.075;2.092;14.49;56.396;1
57;18;6.293;16.037;19.937;24.532;18.597;47.694;1
57;19;0.138;16.355;11.956;14.882;33.02;27.553;1
57;20;6.086;18.357;18.729;18.23;15.461;59.795;1
58;1;0.721;11.563;23.853;32.646;16.586;49.881;1
58;2;9.161;13.075;28.685;36.72;28.682;14.232;1
58;3;0.902;16.397;11.16;10.246;25.717;19.002;1
58;4;5.99;18.32;20.692;7.508;42.467;1.113;1
58;5;9.174;7.842;11.08;36.352;0.872;33.394;1
58;6;4.268;2.907;16.226;16.162;26.113;30.545;1
58;7;7.177;13.562;8.013;22.592;30.107;29.057;1
58;8;1.095;8.396;24.349;24.806;19.855;52.078;1
58;9;4.551;12.878;2.062;36.083;46.16;53.602;1
58;10;0.26;5.444;7.263;36.931;42.706;56.035;1
58;11;4.773;11.275;26.251;28.993;46.013;15.795;1
58;12;4.899;9.22;1.736;35.411;22.705;32.265;1
58;13;5.386;4.216;23.064;38.208;13.496;2.005;1
58;14;2.38;8.305;10.061;0.995;9.282;40.897;1
58;15;8.47;7.967;14.515;31.09;39.27;5.18;1
58;16;4.041;12.379;3.878;17.933;35.73;1.347;1
58;17;9.428;11.85;17.801;36.123;28.422;10.572;1
58;18;8.286;9.294;3.871;20.119;30.617;10.075;1
58;19;3.22;13.737;16.789;28.438;15.792;17.801;1
58;20;5.791;18.211;0.342;33.919;13.895;49.87;1
59;1;1.082;3.748;19.116;29.794;19.03;27.145;1
59;2;1.739;6.042;14.745;5.294;40.721;21.773;1
59;3;6.667;13.145;12.783;2.897;40.716;7.114;1
59;4;1.704;6.613;10.216;3.808;15.985;15.469;1
59;5;4.703;5.326;1.405;36.456;25.315;6.39;1
59;6;5.27;3.718;9.093;12.194;31.292;51.117;1
59;7;8.497;4.6;29.573;33.488;24.612;40.492;1
59;8;5.24;13.131;27.941;20.524;31.996;22.788;1
59;9;6.844;4.924;14.012;28.998;17.66;47.058;1
59;10;3.826;19.296;9.645;37.302;47.516;35.094;1
59;11;7.685;9.983;28.788;1.202;27.685;34.778;1
59;12;3.25;10.716;17.448;31.599;19.308;11.618;1
59;13;7.366;18.574;17.336;24.199;8.242;14.714;1
59;14;3.232;17.566;1.66;30.758;37.868;25.834;1
59;15;7.042;3.969;27.733;15.529;3.644;34.526;1
59;16;3.103;2.79;2.4;18.801;14.475;35.882;1
59;17;2.079;4.451;28.299;7.356;37.48;35.885;1
59;18;3.297;6.237;21.387;2.617;4.291;30.856;1
59;19;0.829;11.077;9.288;1.212;47.451;37.763;1
59;20;1.126;8.405;3.471;23.609;47.151;16.64;1
60;1;4.064;18.064;19.452;36.96;32.012;3.715;2
60;2;1.449;4.438;20.21;18.839;33.416;40.123;2
60;3;1.205;8.001;24.62;4.672;24.759;52.653;2
60;4;2.952;0.253;0.109;27.197;5.922;9.08;2
60;5;0.903;11.052;7.13;30.304;36.715;16.441;2
60;6;5.042;16.395;25.182;15.566;4.194;59.73;2
60;7;4.09;11.892;8.565;32.12;7.267;14.344;2
60;8;3.646;5.842;8.161;13.798;49.357;10.574;2
60;9;1.853;16.907;11.934;7.507;4.38;38.97;2
60;10;1.905;7.218;19.359;31.601;9.477;31.143;2
60;11;0.089;18.636;4.372;35.235;22.776;18.689;2
60;12;0.512;3.122;23.261;16.081;39.713;12.916;2
60;13;0.599;8.496;9.872;25.384;13.455;15.527;2
60;14;4.605;0.007;8.143;24.103;28.426;36.099;2
60;15;5.775;15.302;0.132;29.547;14.047;13.91;2
60;16;1.806;8.037;4.521;4.237;47.297;9.725;2
60;17;3.795;16.406;14.186;9.37;38.704;45.126;2
60;18;6.066;15.635;20.136;3.198;45.992;11.641;2
60;19;2.566;5.574;25.246;22.137;3.546;39.443;2
60;20;7.792;11.255;3.174;21.394;44.755;44.06;2
61;1;4.627;8.01;22.137;5.199;20.451;3.759;3
61;2;5.331;14.404;0.22;18.887;37.596;43.626;3
61;3;2.098;13.237;19.951;12.415;21.941;36.192;3
61;4;9.505;15.078;20.74;15.807;20.665;31.56;3
61;5;3.41;12.154;4.706;3.424;38.706;11.893;3
61;6;8.243;16.411;6.377;4.5;28.207;27.016;3
61;7;7.092;0.615;14.824;25.423;11.841;48.553;3
61;8;2.241;3.248;28.523;27.202;43.668;41.353;3
61;9;9.701;5.828;11.832;31.282;2.982;26.197;3
61;10;4.785;11.233;24.687;37.618;32.249;4.688;3
61;11;9.977;7.337;24.446;0.656;32.087;26.253;3
61;12;6.791;10.476;28.039;18.89;40.506;0.647;3
61;13;6.123;9.282;6.625;10.63;22.117;4.125;3
61;14;1.71;7.357;6.992;7.456;8.838;34.92;3
61;15;5.584;14.188;23.264;38.98;11.408;53.366;3
61;16;4.928;9.26;18.56;26.768;47.094;53.515;3
61;17;4.748;19.083;6.073;2.972;15.115;26.876;3
61;18;8.044;10.068;3.521;10.536;9.431;51.484;3
61;19;5.749;10.036;2.515;38.829;11.95;9.89;3
61;20;8.591;7.362;27.784;30.172;49.777;9.813;3
62;1;2.077;11.686;0.294;13.988;22.136;8.122;1
62;2;4.522;10.66;17.57;2.858;17.824;39.1;1
62;3;1.491;8.782;13.11;2.056;49.395;41.867;1
62;4;3.906;16.379;1.814;24.937;35.764;21.354;1
62;5;5.035;17.869;2.316;36.503;13.517;0.691;1
62;6;7.963;7.36;26.524;18.315;28.62;12.581;1
62;7;5.146;15.67;10.745;4.373;0.88;21.318;1
62;8;7.689;0.059;12.451;29.256;36.036;53.536;1
62;9;9.229;11.931;2.681;2.576;29.938;36.606;1
62;10;7.963;15.945;20.329;11.307;45.483;34.26;1
62;11;2.939;7.208;7.318;5.531;3.121;8.902;1
62;12;3.061;12.55;18.391;16.86;1.372;12.236;1
62;13;9.004;14.388;5.818;23.236;41.796;41.811;1
62;14;0.35;4.312;15.182;17.605;30.35;10.973;1
62;15;3.581;1.498;4.635;28.483;48.949;1.237;1
62;16;3.553;13.297;1.468;8.723;5.172;47.573;1
62;17;2.884;2.385;27.26;4.909;32.439;49.201;1
62;18;1.049;0.063;18.568;10.167;43.528;47.895;1
62;19;8.696;19.633;19.589;35.963;8.197;47.288;1
62;20;8.931;5.81;18.654;31.311;21.247;43.331;1
63;1;2.457;0.989;8.268;12.691;16.604;41.453;1
63;2;4.443;19.822;11.999;0.808;10.899;12.715;1
63;3;2.89;10.693;15.078;20.577;48.291;49.86;1
63;4;8.191;14.869;28.916;0.132;37.488;53.548;1
63;5;3.492;2.068;5.787;37.887;1.437;15.26;1
63;6;9.54;2.89;24.9;28.53;25.725;21.087;1
63;7;4.66;0.278;27.019;19.409;7.009;56.107;1
63;8;9.485;7.85;18.905;24.579;10.14;34.32;1
63;9;1.325;6.214;18.155;21.44;42.299;18.783;1
63;10;3.925;15.059;14.554;26.798;0.245;35.056;1
63;11;1.652;13.736;15.628;12.1;34.967;54.289;1
63;12;3.282;17.562;4.7;16.364;0.535;45.057;1
63;13;1.793;12.248;10.353;23.697;19.39;29.472;1
63;14;8.49;0.691;24.343;25.482;16.388;25.796;1
63;15;5.971;3.434;0.123;6.278;41.997;54.778;1
63;16;2.951;15.217;20.904;9.998;9.358;8.898;1
63;17;0.976;4.446;6.665;23.819;30.052;50.303;1
63;18;9.891;18.509;7.631;26.066;48.404;17.281;1
63;19;6.094;12.263;26.175;3.447;27.852;33.516;1
63;20;9.188;12.287;0.285;25.906;46.987;33.252;1
64;1;8.496;2.733;16.822;6.355;31.792;38.975;1
64;2;0.666;13.211;2.352;28.675;4.55;12.553;1
64;3;1.544;16.565;0.715;37.487;24.634;55.278;1
64;4;8.602;11.732;28.027;2.26;6.469;12.395;1
64;5;1.464;13.887;12.498;4.525;29.729;53.999;1
64;6;3.559;6.131;2.727;20.863;23.179;2.609;1
64;7;6.681;11.987;12.023;6.402;46.444;16.132;1
64;8;7.679;7.65;15.816;3.593;47.599;19.969;1
64;9;4.518;6.105;9.752;9.631;45.393;30.423;1
64;10;3.32;15.653;9.154;6.778;26.086;13.063;1
64;11;9.783;15.851;9.054;36.589;29.665;53.861;1
64;12;8.956;8.513;6.094;21.917;6.942;20.63;1
64;13;2.79;13.888;17.61;24.897;28.394;33.916;1
64;14;4.985;1.571;3.091;22.948;27.63;9.99;1
64;15;8.903;9.294;16.816;38.051;28.3;36.391;1
64;16;7.965;19.486;9.987;22.968;15.841;55.095;1
64;17;0.461;4.521;2.277;27.356;31.089;6.368;1
64;18;5.182;0.742;2.067;38.84;4.607;33.658;1
64;19;2.317;2.831;23.268;25.096;16.06;25.263;1
64;20;1.079;12.132;25.121;29.83;49.42;32.684;1
65;1;1.934;18.677;24.44;38.194;21.881;7.274;3
65;2;8.657;1.214;11.971;12.984;26.555;27.48;3
65;3;8.743;4.049;6.43;31.374;6.925;32.631;3
65;4;8.315;14.791;13.056;8.435;15.403;41.632;3
65;5;1.565;6.491;22.601;38.278;6.559;41.912;3
65;6;7.817;8.994;5.986;20.749;38.785;21.907;3
65;7;3.274;2.947;19.034;30.338;25.037;42.754;3
65;8;4.507;19.356;28.569;26.373;0.32;51.787;3
65;9;0.59;15.897;3.818;35.19;31.072;6.878;3
65;10;5.578;12.904;24.521;17.875;20.824;16.12;3
65;11;3.882;10.944;26.039;19.935;14.73;1.444;3
65;12;0.688;12.426;10.261;14.863;11.27;13.309;3
65;13;0.909;12.874;8.109;18.494;24.648;27.541;3
65;14;3.024;19.191;10.503;38.111;20.018;1.903;3
65;15;0.228;15.758;17.513;11.107;23.209;12.468;3
65;16;1.737;16.638;4.585;2.88;31.484;42.567;3
65;17;9.802;3.322;19.721;30.992;40.354;34.206;3
65;18;6.569;6.212;28.266;14.589;31.087;4.973;3
65;19;5.43;1.35;16.615;10.253;1.131;23.955;3
65;20;9.223;4.011;7.869;38.816;48.285;51.317;3
66;1;8.311;7.964;1.423;9.79;39.733;0.263;3
66;2;0.468;12.061;21.076;2.98;4.079;33.024;3
66;3;4.296;1.041;10.59;6.871;41.832;36.927;3
66;4;5.606;6.718;11.864;14.955;35.975;44.134;3
66;5;6.48;18.698;20.242;11.942;30.727;2.688;3
66;6;9.95;19.302;11.79;24.702;6.618;2.637;3
66;7;1.8;7.436;24.746;34.834;28.308;53.327;3
66;8;2.818;13.389;21.924;25.896;32.491;33.99;3
66;9;8.094;16.837;28.483;24.235;21.733;4.55;3
66;10;4.034;17.817;9.724;34.498;4.68;5.34;3
66;11;3.377;13.073;0.715;29.241;31.186;6.546;3
66;12;3.721;11.31;13.249;25.142;24.542;11.353;3
66;13;3.081;3.818;21.935;7.005;41.96;40.743;3
66;14;2.711;8.652;13.289;1.153;32.155;43.154;3
66;15;4.114;2.383;0.615;11.648;18.533;17.63;3
66;16;0.724;4.021;26.375;5.434;5.212;23.849;3
66;17;8.176;2.084;12.949;14.201;32.662;32.998;3
66;18;5.342;6.718;21.141;11.639;38.085;19.562;3
66;19;7.284;18.851;8.555;15.643;4.35;18.052;3
66;20;9.754;6.875;0.539;4.139;22.145;46.366;3
67;1;3.75;0.156;15.274;30.039;48.998;51.216;3
67;2;4.529;1.085;11.692;25.459;45.726;41.71;3
67;3;8.843;12.688;20.727;13.056;47.954;2.219;3
67;4;6.341;5.454;5.422;12.901;42.201;40.885;3
67;5;2.909;10.811;10.096;4.642;20.109;19.955;3
67;6;5.031;13.325;25.799;11.609;31.887;53.483;3
67;7;1.531;3.716;20.038;29.903;32.361;43.543;3
67;8;7.529;5.65;14.619;36.41;12.2;4.215;3
67;9;1.001;5.42;6.613;6.982;35.563;23.919;3
67;10;0.782;16.922;17.293;5.791;26.911;22.408;3
67;11;1.835;17.178;9.359;3.073;44.752;54.504;3
67;12;3.764;9.419;16.969;39.305;35.198;0.798;3
67;13;8.379;10.769;10.85;37.369;34.478;43.042;3
67;14;6.943;11.403;9.578;26.289;6.86;48.768;3
67;15;7.787;3.353;0.059;8.515;47.416;11.211;3
67;16;9.322;4.434;17.4;29.909;49.832;56.567;3
67;17;2.288;4.377;10.728;36.358;0.079;10.689;3
67;18;5.503;9.558;1.441;25.98;42.38;57.56;3
67;19;0.799;19.842;8.854;9.562;41.62;50.372;3
67;20;0.211;4.068;9.496;16.068;35.928;18.443;3
68;1;5.241;12.381;11.757;13.099;36.686;45.576;2
68;2;3.351;17.777;18.212;8.392;11.169;15.688;2
68;3;9.892;1.722;24.17;7.314;29.25;17.856;2
68;4;1.866;10.071;16.339;37.577;16.162;47.31;2
68;5;7.165;12.673;3.722;1.107;43.319;10.422;2
68;6;5.452;0.959;2.692;36.829;6.359;39.493;2
68;7;0.014;14.746;0.72;4.798;46.677;58.663;2
68;8;3.405;11.235;26.714;11.381;26.413;24.466;2
68;9;8.743;18.315;12.479;20.063;30.776;5.798;2
68;10;2.368;19.226;26.438;29.227;5.858;27.067;2
68;11;2.603;10.152;11.049;37.243;20.312;37.579;2
68;12;3.31;7.876;15.045;34.422;40.263;13.69;2
68;13;4.024;2.805;9.431;38.924;44.206;47.296;2
68;14;2.587;13.009;8.835;2.413;19.687;37.398;2
68;15;2.222;4.324;25.363;36.329;11.721;53.922;2
68;16;7.846;19.908;16.731;34.311;44.304;56.788;2
68;17;7.785;11.467;23.228;4.06;38.407;31.939;2
68;18;4.806;11.632;16.513;33.919;3.152;1.25;2
68;19;2.788;5.353;8.049;18.618;33.395;59.527;2
68;20;6.202;0.393;7.669;4.589;39.672;34.246;2
69;1;4.539;4.826;4.709;13.562;39.833;27.177;3
69;2;4.918;15.635;27.177;29.996;11.101;22.723;3
69;3;5.527;8.393;18.822;17.506;3.083;48.621;3
69;4;7.029;18.71;13.071;33.422;24.152;42.401;3
69;5;2.337;19.356;19.004;22.689;8.66;47.681;3
69;6;9.658;18.665;10.042;23.273;41.129;15.119;3
69;7;8.876;17.735;25.853;4.063;25.076;31.871;3
69;8;4.04;14.305;5.083;25.472;11.003;35.18;3
69;9;4.617;3.045;1.86;5.186;13.155;21.404;3
69;10;0.11;16.777;2.423;19.439;43.259;56.735;3
69;11;0.043;11.949;27.216;3.899;34.221;55.203;3
69;12;0.527;18.183;29.78;11.316;47.351;33.079;3
69;13;6.157;11.134;17.951;17.218;12.893;4.949;3
69;14;6.119;2.233;4.954;3.995;5.944;49.12;3
69;15;9.455;17.776;2.063;15.199;10.754;50.563;3
69;16;9.308;11.195;25.655;18.052;49.619;6.131;3
69;17;7.66;14.509;20.981;27.662;40.477;22.738;3
69;18;4.41;2.689;4.068;0.645;43.765;27.67;3
69;19;5.957;11.218;22.824;35.876;8.998;58.387;3
69;20;4.751;12.208;3.716;7.225;5.567;19.688;3
70;1;9.813;5.689;0.012;17.68;10.442;11.404;2
70;2;2.066;10.949;3.682;23.467;48.975;10.258;2
70;3;3.686;8.278;21.957;36.693;21.431;51.076;2
70;4;7.206;0.543;14.622;11.898;17.36;20.712;2
70;5;7.827;11.086;18.511;20.146;40.187;9.547;2
70;6;3.607;8.793;23.836;18.463;32.217;24.515;2
70;7;0.726;7.447;28.644;4.143;47.335;17.486;2
70;8;2.615;7.067;18.499;36.409;43.269;23.907;2
70;9;4.144;4.664;20.69;4.903;15.84;47.747;2
70;10;3.028;4.66;9.203;35.467;10.624;54.685;2
70;11;2.128;1.753;1.741;30.509;42.408;55.465;2
70;12;3.322;2.826;19.683;22.995;5.744;40.056;2
70;13;6.279;5.779;4.525;25.497;17.918;1.353;2
70;14;0.972;6.473;10.758;23.036;20.969;42.883;2
70;15;7.958;1.825;20.507;4.884;32.465;9.686;2
70;16;2.117;18.688;24.337;4.405;35.965;52.987;2
70;17;8.969;1.931;16.619;1.576;0.127;9.394;2
70;18;4.23;0.293;26.575;38.765;27.968;50.234;2
70;19;7.378;7.631;6.959;25.668;20.133;40.486;2
70;20;6.198;5.157;25.626;18.201;31.793;15.007;2
71;1;3.638;14.735;13.037;11.665;39.226;36.506;1
71;2;0.306;10.098;22.445;29.954;7.1;12.86;1
71;3;4.286;0.37;18.04;1.192;13.886;20.078;1
71;4;1.198;11.576;13.628;1.652;22.914;54.691;1
71;5;0.948;7.185;29.113;4.29;21.343;24.697;1
71;6;5.102;11.922;15.68;22.78;43.141;32.318;1
71;7;3.974;18.153;28.851;33.178;28.897;6.462;1
71;8;7.755;4.37;11.32;10.267;44.003;56.146;1
71;9;6.864;17.281;15.401;14.132;22.194;31.438;1
71;10;4.842;14.002;27.583;31.208;10.551;7.609;1
71;11;5.737;1.726;6.611;26.553;30.158;40.323;1
71;12;7.685;14.87;8.405;32.991;14.51;46.732;1
71;13;3.581;3.984;11.577;28.406;1.533;17.663;1
71;14;6.487;16.862;27.899;28.077;13.731;14.419;1
71;15;0.941;16.329;27.309;36.373;24.395;14.088;1
71;16;4.384;16.346;26.291;37.956;47.975;26.514;1
71;17;1.317;10.022;26.028;32.781;6.99;11.983;1
71;18;8.541;15.288;24.212;32.017;45.117;9.632;1
71;19;2.542;2.783;23.732;1.56;36.019;9.548;1
71;20;8.717;19.318;25.416;0.346;10.154;47.224;1
72;1;4.915;10.838;4.138;17.198;11.497;46.159;2
72;2;9.278;13.801;29.934;16.888;49.635;22.477;2
72;3;5.429;1.51;14.682;33.56;7.458;11.746;2
72;4;3.808;3.569;12.435;13.7;45.214;18.31;2
72;5;1.003;10.458;7.764;17.279;11.14;43.216;2
72;6;2.926;13.377;15.738;12.963;3.271;9.152;2
72;7;1.705;2.527;29.819;3.149;27.019;49.207;2
72;8;6.095;15.538;21.767;30.533;30.059;11.128;2
72;9;2.493;10.412;26.366;24.1;39.523;58.554;2
72;10;6.713;2.363;26.474;22.07;16.537;18.025;2
72;11;6.663;0.735;29.539;21.555;8.363;49.192;2
72;12;2.972;10.5;18.511;3.772;7.411;21.284;2
72;13;8.285;0.64;15.527;25.277;46.618;24.973;2
72;14;3.928;18.394;24.614;20.82;0.429;32.284;2
72;15;2.889;6.512;26.317;7.999;19.603;45.221;2
72;16;7.752;4.791;27.174;7.961;41.235;39.555;2
72;17;7.821;15.912;23.842;19.372;6.537;52.01;2
72;18;3.118;15.723;14.907;17.47;6.721;0.087;2
72;19;0.953;3.838;22.759;22.551;34.191;34.648;2
72;20;4.66;5.8;18.87;10.341;7.463;10.262;2
73;1;7.321;4.231;24.269;22.886;31.033;3.437;1
73;2;2.213;10.937;14.152;25.265;21.171;15.189;1
73;3;7.883;17.838;28.115;28.369;5.484;38.344;1
73;4;5.687;0.709;25.742;0.364;24.233;36.175;1
73;5;3.612;3.095;2.37;3.553;12.6;27.265;1
73;6;1.029;6.896;13.447;22.63;7.281;21.099;1
73;7;6.746;3.23;18.564;7.919;9.323;29.849;1
73;8;3.255;12.189;21.771;9.492;26.461;56.0;1
73;9;3.31;5.628;3.253;30.913;4.457;16.194;1
73;10;6.271;19.759;24.822;30.742;27.125;25.321;1
73;11;7.143;19.875;28.638;4.96;42.112;24.885;1
73;12;7.795;0.761;7.537;31.138;31.49;40.364;1
73;13;1.588;8.595;21.393;0.564;14.524;28.11;1
73;14;3.562;5.765;12.376;26.402;10.788;21.771;1
73;15;7.975;2.151;26.517;14.453;3.556;50.487;1
73;16;1.762;5.858;26.713;12.158;36.241;42.235;1
73;17;8.869;8.541;4.452;16.57;42.03;43.989;1
73;18;1.47;18.758;24.567;6.202;49.341;11.114;1
73;19;7.042;14.133;6.847;22.144;45.587;52.362;1
73;20;5.606;7.472;26.422;21.202;14.098;13.359;1
74;1;9.414;1.46;15.534;28.864;22.856;15.037;1
74;2;1.481;13.585;2.927;5.348;20.067;32.273;1
74;3;5.162;2.969;8.54;16.922;30.816;57.425;1
74;4;8.317;12.141;4.665;37.7;1.624;37.812;1
74;5;0.803;10.269;4.756;29.677;36.788;45.918;1
74;6;2.865;2.449;21.392;26.897;1.727;28.827;1
74;7;0.675;6.12;24.225;35.974;8.638;1.939;1
74;8;9.459;7.844;14.53;18.602;34.539;23.598;1
74;9;5.746;5.871;21.003;0.786;6.136;27.924;1
74;10;5.088;17.765;17.882;18.847;41.003;2.294;1
74;11;1.974;17.007;22.294;6.72;2.398;39.36;1
74;12;9.083;10.414;7.653;28.842;15.935;1.309;1
74;13;4.871;18.034;19.768;35.483;5.116;3.192;1
74;14;6.72;10.154;4.76;30.325;33.416;3.979;1
74;15;3.724;18.016;17.836;12.097;28.994;55.36;1
74;16;6.962;16.109;4.555;25.549;38.755;44.022;1
74;17;4.049;3.385;10.274;18.244;23.49;17.848;1
74;18;9.637;16.68;19.368;26.218;16.732;34.71;1
74;19;3.578;16.838;2.633;12.868;0.221;39.587;1
74;20;9.469;0.474;19.764;21.564;19.173;5.386;1
75;1;3.016;18.753;25.442;30.178;48.686;41.424;3
75;2;7.364;0.498;20.255;13.912;1.376;40.421;3
75;3;7.596;9.836;9.839;23.107;6.108;38.958;3
75;4;2.8;8.277;22.125;33.316;30.435;22.284;3
75;5;4.161;13.06;22.639;18.373;31.068;25.16;3
75;6;2.053;3.379;8.342;3.432;39.995;12.281;3
75;7;0.878;7.647;21.721;25.011;13.836;37.776;3
75;8;5.568;2.293;1.551;7.609;6.262;34.615;3
75;9;6.732;0.822;21.982;15.822;25.773;39.432;3
75;10;5.854;10.751;2.933;11.436;14.099;27.911;3
75;11;5.92;14.951;19.142;33.317;6.208;0.604;3
75;12;5.114;6.142;16.184;21.01;33.492;14.553;3
75;13;8.838;10.285;18.386;14.189;28.705;17.019;3
75;14;3.083;17.646;16.0;38.833;10.521;0.356;3
75;15;6.63;6.108;9.998;33.379;44.056;58.187;3
75;16;8.449;14.099;8.274;36.778;44.304;46.512;3
75;17;2.551;2.731;1.439;13.088;39.195;4.43;3
75;18;9.372;10.721;29.18;27.265;34.745;44.937;3
75;19;2.64;19.81;12.746;24.409;49.061;3.225;3
75;20;0.974;4.425;26.15;23.724;0.362;24.965;3
76;1;6.274;2.79;9.924;21.974;29.185;37.348;1
76;2;5.578;14.244;18.753;22.789;16.728;43.011;1
76;3;1.102;7.9;8.406;38.437;25.665;48.451;1
76;4;0.141;9.616;23.309;6.5;40.656;35.925;1
76;5;8.624;16.838;23.289;19.771;25.636;52.266;1
76;6;6.105;16.262;7.25;20.324;42.268;39.077;1
76;7;5.335;6.083;15.787;27.416;2.902;41.491;1
76;8;0.934;7.677;27.028;37.66;0.173;27.772;1
76;9;6.535;18.826;21.603;6.153;32.751;45.049;1
76;10;4.736;10.507;19.196;21.247;30.115;38.044;1
76;11;9.459;6.493;5.912;6.047;17.175;18.92;1
76;12;1.242;10.971;4.146;2.602;40.344;22.286;1
76;13;4.219;17.652;22.927;39.914;5.79;1.018;1
76;14;0.917;12.491;5.12;32.933;14.169;59.389;1
76;15;5.385;3.202;24.649;22.034;27.371;43.891;1
76;16;5.639;10.077;0.985;13.216;11.982;30.031;1
76;17;9.906;11.999;22.006;37.997;34.597;27.985;1
76;18;1.532;16.793;5.086;1.715;15.043;58.102;1
76;19;3.204;12.774;4.771;10.731;32.197;49.637;1
76;20;3.947;1.526;12.874;12.573;29.658;44.926;1
77;1;4.732;2.347;4.3;6.625;7.519;54.587;3
77;2;1.432;7.56;25.096;12.426;29.175;37.706;3
77;3;6.587;15.927;28.422;10.614;26.775;22.197;3
77;4;5.016;14.695;20.302;1.307;9.444;37.059;3
77;5;0.976;9.838;9.511;21.999;47.003;49.353;3
77;6;1.203;6.198;7.34;10.211;30.229;37.495;3
77;7;2.971;7.836;26.289;23.145;26.911;41.238;3
77;8;6.856;3.078;0.73;8.622;37.104;10.587;3
77;9;5.914;15.191;15.226;36.594;13.66;23.319;3
77;10;1.66;9.872;2.256;35.402;34.385;54.837;3
77;11;6.114;15.446;23.875;14.163;20.356;58.691;3
77;12;2.665;1.672;5.518;17.768;42.666;46.09;3
77;13;0.698;10.888;21.7;13.719;42.326;7.331;3
77;14;0.779;17.526;19.866;13.955;6.023;58.991;3
77;15;8.71;7.666;3.065;17.684;20.834;16.537;3
77;16;9.114;18.29;14.345;26.732;8.636;39.063;3
77;17;1.158;7.686;10.833;1.635;32.699;37.989;3
77;18;1.753;3.996;9.787;7.838;34.005;37.438;3
77;19;9.444;14.331;15.362;32.732;41.969;14.486;3
77;20;3.645;11.086;27.259;19.59;8.425;25.058;3
78;1;9.93;5.309;26.792;32.033;7.614;14.156;1
78;2;7.032;7.467;28.221;37.549;41.702;53.022;1
78;3;0.115;14.601;3.44;35.4;38.938;45.581;1
78;4;7.564;8.164;5.564;29.942;47.756;5.356;1
78;5;3.079;6.218;5.193;6.674;46.011;16.917;1
78;6;4.874;6.077;25.786;15.626;30.939;19.209;1
78;7;0.319;18.093;1.567;15.594;32.928;49.768;1
78;8;1.678;17.231;6.04;24.566;0.24;19.956;1
78;9;1.826;6.042;27.012;27.6;43.475;53.39;1
78;10;5.1;13.379;0.689;32.344;47.002;20.864;1
78;11;5.671;19.382;29.571;36.859;33.784;25.367;1
78;12;8.531;19.049;2.079;34.542;47.962;12.936;1
78;13;2.846;9.431;2.705;26.023;10.084;49.629;1
78;14;6.621;19.883;1.562;30.478;21.916;32.469;1
78;15;8.743;14.196;20.223;31.226;13.073;34.274;1
78;16;8.716;10.701;4.092;36.575;24.961;45.637;1
78;17;1.214;4.121;18.38;4.92;0.741;20.618;1
78;18;3.921;16.958;10.265;39.356;12.049;45.325;1
78;19;4.511;7.862;6.154;11.266;13.916;24.095;1
78;20;1.581;5.437;29.335;10.176;13.933;1.341;1
79;1;4.872;19.884;27.824;12.763;13.749;53.358;2
79;2;5.809;12.418;3.402;38.09;49.796;41.83;2
79;3;2.33;5.2;23.719;11.068;8.589;2.324;2
79;4;0.812;0.41;8.565;25.866;20.215;38.641;2
79;5;4.802;0.103;3.42;12.847;41.004;59.055;2
79;6;4.357;7.848;23.549;17.475;8.893;57.325;2
79;7;3.872;3.339;21.751;4.759;42.563;39.488;2
79;8;9.809;5.03;2.214;13.014;33.122;3.457;2
79;9;1.701;19.987;2.59;29.221;38.497;7.953;2
79;10;3.419;14.104;7.891;22.628;16.277;17.562;2
79;11;0.77;2.739;8.381;7.756;42.389;43.85;2
79;12;3.44;7.123;20.808;19.185;1.923;18.184;2
79;13;2.455;8.13;21.396;12.629;36.844;47.209;2
79;14;5.143;11.193;5.401;39.201;31.156;4.502;2
79;15;6.532;19.504;24.749;5.215;16.402;46.95;2
79;16;5.149;17.99;13.344;10.388;21.929;33.619;2
79;17;6.007;10.216;12.524;36.036;5.415;57.2;2
79;18;5.701;15.999;0.759;22.741;23.859;50.436;2
79;19;8.123;9.642;6.017;10.502;39.504;48.085;2
79;20;6.463;13.34;7.124;2.887;17.423;45.891;2
80;1;5.776;5.307;0.54;29.503;30.153;31.794;2
80;2;1.678;13.517;26.202;16.665;24.283;27.228;2
80;3;3.595;3.873;24.714;30.886;47.672;27.484;2
80;4;5.367;16.142;18.302;31.501;10.294;47.236;2
80;5;8.527;3.46;19.925;17.848;25.746;6.044;2
80;6;8.843;16.747;24.926;33.809;9.944;49.959;2
80;7;5.194;5.941;27.567;39.129;20.654;26.331;2
80;8;1.515;15.35;17.732;10.628;30.098;11.855;2
80;9;6.587;4.715;27.808;7.85;37.666;40.736;2
80;10;3.954;14.751;3.835;33.577;30.352;0.318;2
80;11;5.291;10.688;14.545;17.938;39.099;29.799;2
80;12;8.891;19.882;16.78;22.788;41.72;27.305;2
80;13;0.699;11.654;13.017;27.783;34.849;37.105;2
80;14;1.52;10.647;25.002;9.291;8.603;41.397;2
80;15;9.105;10.049;11.74;11.706;9.474;35.884;2
80;16;0.979;10.188;3.934;38.016;36.479;9.236;2
80;17;4.911;9.49;6.574;1.208;44.786;11.525;2
80;18;3.707;3.395;14.073;0.468;4.624;5.98;2
80;19;0.959;4.135;28.914;15.469;30.513;51.842;2
80;20;9.725;10.941;14.395;0.132;11.564;14.664;2
81;1;8.53;5.116;4.367;14.302;31.349;22.29;2
81;2;9.607;5.979;8.942;5.94;12.356;10.802;2
81;3;4.976;11.481;4.411;35.918;18.595;25.025;2
81;4;4.34;10.336;24.287;33.727;9.298;4.168;2
81;5;2.169;7.828;2.488;7.705;41.807;6.633;2
81;6;1.968;18.841;11.411;26.608;17.057;7.984;2
81;7;1.372;15.539;18.218;28.679;33.729;33.455;2
81;8;3.315;15.585;3.604;28.671;23.373;48.513;2
81;9;6.536;11.72;14.156;29.639;25.409;27.89;2
81;10;4.081;9.918;13.874;3.518;40.537;7.213;2
81;11;6.955;17.989;11.553;9.102;11.903;42.241;2
81;12;4.445;6.158;13.916;39.254;49.243;6.901;2
81;13;4.462;12.291;18.155;33.27;15.186;54.027;2
81;14;0.466;5.496;16.902;10.705;31.401;44.433;2
81;15;1.441;14.677;21.598;28.408;34.953;12.86;2
81;16;7.125;3.828;27.247;14.429;11.218;13.923;2
81;17;2.957;6.145;17.565;27.909;14.237;37.398;2
81;18;3.24;9.819;14.928;6.436;16.498;58.31;2
81;19;3.617;8.178;2.071;38.578;45.344;56.493;2
81;20;3.757;10.359;11.492;11.364;41.492;28.898;2
82;1;8.437;14.407;10.248;23.674;15.732;22.689;1
82;2;5.937;1.083;10.46;0.954;16.583;5.557;1
82;3;4.05;10.131;29.28;23.7;4.416;27.454;1
82;4;2.146;10.377;21.405;18.769;42.816;59.081;1
82;5;6.433;13.806;15.233;11.526;42.025;39.959;1
82;6;1.887;15.139;11.348;29.151;25.117;41.637;1
82;7;3.853;17.244;15.512;7.272;31.236;31.191;1
82;8;5.394;15.847;2.813;0.186;38.081;28.513;1
82;9;6.719;9.375;7.363;2.378;17.084;32.71;1
82;10;3.714;15.993;8.197;23.372;0.247;49.475;1
82;11;8.106;17.38;5.39;27.042;30.746;16.201;1
82;12;9.188;15.628;6.941;28.392;3.905;25.483;1
82;13;3.577;3.424;25.95;21.131;25.065;49.848;1
82;14;5.338;2.949;12.206;5.615;49.452;10.54;1
82;15;5.417;10.735;5.538;32.017;37.274;22.692;1
82;16;5.267;9.955;8.721;16.687;7.729;18.44;1
82;17;0.069;8.416;13.656;8.862;2.34;57.568;1
82;18;8.492;15.582;0.286;32.495;14.386;50.553;1
82;19;3.431;15.126;25.488;24.427;40.671;46.616;1
82;20;5.863;3.077;11.104;7.375;6.037;17.138;1
83;1;4.496;13.719;29.315;25.801;14.853;57.987;2
83;2;7.542;13.131;27.301;14.848;17.741;9.007;2
83;3;1.952;18.556;19.991;24.224;18.336;3.732;2
83;4;7.394;15.027;20.519;21.78;34.471;20.429;2
83;5;4.388;15.716;1.423;39.287;42.768;15.746;2
83;6;9.366;16.246;23.655;26.744;16.615;6.25;2
83;7;2.744;19.614;7.488;2.356;23.192;12.883;2
83;8;3.315;13.424;3.27;25.798;36.018;33.053;2
83;9;8.189;10.122;14.738;38.371;37.366;41.047;2
83;10;7.115;14.085;20.743;9.481;20.733;34.363;2
83;11;0.172;8.887;27.229;30.826;8.136;53.106;2
83;12;4.051;7.432;13.115;31.518;13.518;47.902;2
83;13;9.791;13.306;5.113;31.201;40.034;32.295;2
83;14;9.465;13.512;11.66;0.224;31.463;57.808;2
83;15;8.492;8.909;3.039;22.535;11.979;17.737;2
83;16;9.71;19.407;25.827;5.078;23.029;58.296;2
83;17;7.049;11.362;16.694;37.793;37.878;15.311;2
83;18;3.183;4.989;13.855;35.256;27.865;40.952;2
83;19;6.296;16.239;16.746;9.989;45.229;24.974;2
83;20;8.251;19.449;23.185;9.355;14.542;9.767;2
84;1;0.204;0.711;12.082;11.757;47.888;59.803;2
84;2;6.604;5.594;2.725;30.766;26.517;50.295;2
84;3;3.338;19.264;17.196;34.984;24.297;36.684;2
84;4;6.132;5.064;10.936;10.565;34.905;15.917;2
84;5;5.353;13.708;2.901;37.669;9.154;59.182;2
84;6;5.034;10.59;20.728;25.175;4.54;20.96;2
84;7;6.991;16.12;24.444;22.225;18.106;3.441;2
84;8;9.272;15.884;5.913;11.074;19.794;53.329;2
84;9;7.706;9.906;22.785;10.438;35.92;8.975;2
84;10;7.491;5.933;6.767;17.731;29.795;20.139;2
84;11;1.484;5.869;28.273;2.662;27.253;10.541;2
84;12;9.258;2.572;14.565;25.624;28.084;21.789;2
84;13;6.613;16.069;6.636;22.501;11.599;44.747;2
84;14;4.205;9.543;9.32;35.888;47.201;56.649;2
84;15;3.425;17.566;6.46;6.816;34.081;42.523;2
84;16;2.233;1.312;26.202;0.942;10.894;42.33;2
84;17;3.9;0.847;16.32;26.479;20.796;20.148;2
84;18;4.554;14.549;11.458;17.096;9.778;16.971;2
84;19;7.29;6.637;21.928;0.656;14.253;32.564;2
84;20;2.938;11.353;24.951;21.866;1.584;54.963;2
85;1;8.858;15.347;27.014;4.718;41.334;39.953;1
85;2;3.562;7.054;24.513;26.309;27.673;45.699;1
85;3;0.897;12.132;6.289;35.14;16.285;38.044;1
85;4;9.496;5.787;9.148;4.962;31.42;40.049;1
85;5;6.883;15.807;21.332;13.153;35.963;59.31;1
85;6;9.406;16.033;15.54;35.297;41.654;1.31;1
85;7;8.835;2.321;28.184;0.897;19.656;44.256;1
85;8;7.219;16.357;26.952;36.305;43.541;35.231;1
85;9;3.195;4.859;24.28;11.454;10.077;41.408;1
85;10;2.16;5.073;22.384;24.009;5.975;36.747;1
85;11;8.511;14.806;22.658;35.016;8.267;8.069;1
85;12;8.639;6.481;20.818;33.412;15.675;42.263;1
85;13;4.414;18.839;6.946;17.664;49.377;12.39;1
85;14;8.58;9.44;20.535;21.89;13.898;35.329;1
85;15;9.692;16.062;16.437;34.485;28.996;13.414;1
85;16;4.835;1.726;16.439;19.603;40.937;46.916;1
85;17;6.156;2.508;1.197;39.789;33.922;26.883;1
85;18;6.825;9.364;27.542;5.406;12.817;54.383;1
85;19;8.738;14.983;7.639;6.087;7.587;20.105;1
85;20;4.208;14.1;14.181;15.984;27.226;49.991;1
86;1;7.703;12.042;17.05;18.253;24.154;11.945;3
86;2;7.608;19.606;25.585;35.754;49.991;19.925;3
86;3;5.877;2.926;14.76;39.316;9.777;42.075;3
86;4;4.578;18.273;15.747;24.508;12.79;17.378;3
86;5;2.536;11.75;0.085;29.636;35.744;18.874;3
86;6;8.011;2.919;6.362;5.758;11.732;24.607;3
86;7;3.297;9.678;19.31;6.221;38.885;58.702;3
86;8;5.581;4.72;5.073;31.143;14.089;58.094;3
86;9;0.856;5.061;7.561;1.412;44.932;35.753;3
86;10;5.154;16.069;19.689;7.967;44.612;53.931;3
86;11;5.341;18.263;28.553;17.937;20.108;37.856;3
86;12;5.214;0.769;13.538;23.844;18.175;7.033;3
86;13;0.421;9.486;23.027;10.063;4.446;10.717;3
86;14;6.134;18.724;28.894;14.121;24.716;16.969;3
86;15;8.274;2.482;8.599;30.844;18.941;20.17;3
86;16;8.013;6.901;23.378;2.175;37.517;52.665;3
86;17;1.956;8.486;18.816;39.553;10.369;24.667;3
86;18;6.444;8.521;21.051;15.1;4.532;46.027;3
86;19;6.859;2.009;4.474;31.319;27.627;44.608;3
86;20;1.369;13.275;23.866;20.224;37.098;0.407;3
87;1;9.974;1.868;17.785;4.98;26.197;59.533;2
87;2;3.221;3.159;22.243;15.313;45.252;10.346;2
87;3;6.568;14.418;26.203;26.432;48.109;4.337;2
87;4;9.477;3.429;15.156;6.05;16.084;4.972;2
87;5;9.454;16.681;5.736;14.15;29.822;5.307;2
87;6;5.895;16.911;25.963;18.606;24.618;38.686;2
87;7;0.948;18.016;23.14;8.808;34.189;29.523;2
87;8;7.161;17.425;6.921;1.094;40.611;39.438;2
87;9;4.535;9.705;25.456;13.869;49.036;9.529;2
87;10;0.021;18.844;21.46;37.57;25.113;39.092;2
87;11;5.501;4.088;23.075;4.507;27.45;59.995;2
87;12;7.856;16.89;6.598;17.54;23.001;13.617;2
87;13;0.083;0.196;17.892;8.584;15.225;26.043;2
87;14;8.646;4.741;17.621;12.677;32.499;50.625;2
87;15;0.956;1.479;19.214;18.398;43.163;35.559;2
87;16;6.697;11.86;17.654;27.238;6.736;31.087;2
87;17;5.308;14.754;28.924;28.272;22.653;0.792;2
87;18;1.72;16.234;1.592;15.1;34.542;34.371;2
87;19;6.564;8.031;11.979;33.012;21.063;4.543;2
87;20;6.198;0.584;17.076;14.095;3.035;37.452;2
88;1;6.505;2.191;7.826;37.879;13.35;54.704;3
88;2;2.168;8.839;9.492;19.711;32.577;21.445;3
88;3;6.646;11.123;20.182;3.47;22.295;28.043;3
88;4;5.444;15.635;0.458;30.171;30.831;21.367;3
88;5;3.265;6.399;28.621;36.639;7.596;27.313;3
88;6;4.189;2.157;7.392;25.774;23.658;58.198;3
88;7;9.072;7.9;6.32;37.37;31.902;55.071;3
88;8;5.169;19.464;27.43;23.739;14.423;47.897;3
88;9;1.996;16.253;10.371;26.517;2.994;18.317;3
88;10;8.386;19.733;13.715;9.97;8.033;51.626;3
88;11;2.912;19.374;0.891;3.971;49.984;7.168;3
88;12;1.402;0.832;3.217;26.79;1.598;21.06;3
88;13;3.704;14.685;13.491;28.53;49.301;32.889;3
88;14;7.007;9.142;20.51;10.717;8.714;36.731;3
88;15;7.356;17.146;3.103;30.013;36.081;28.751;3
88;16;3.981;0.145;12.719;26.249;4.518;57.244;3
88;17;5.951;13.558;3.287;37.505;3.127;9.51;3
88;18;0.726;2.66;14.496;7.241;49.89;49.023;3
88;19;4.278;15.161;5.829;5.865;47.805;36.079;3
88;20;6.679;18.284;27.217;18.972;46.893;29.134;3
89;1;6.068;10.602;12.498;26.529;47.173;3.823;3
89;2;8.949;5.886;27.524;16.452;7.667;28.218;3
89;3;0.545;6.846;25.881;16.663;27.629;53.166;3
89;4;5.358;6.84;27.732;25.596;35.826;16.097;3
89;5;2.379;9.299;8.856;12.58;11.575;6.516;3
89;6;2.542;13.121;14.771;34.536;16.376;54.947;3
89;7;9.334;2.068;16.401;6.91;44.685;42.567;3
89;8;3.116;15.156;23.979;16.665;4.585;50.921;3
89;9;0.518;9.709;8.745;22.313;4.662;4.158;3
89;10;3.422;16.027;10.601;37.579;44.047;47.709;3
89;11;9.874;6.741;0.841;16.247;12.8;34.795;3
89;12;3.571;5.424;11.973;39.702;31.502;16.056;3
89;13;9.819;17.438;16.06;37.39;5.615;26.039;3
89;14;4.053;18.162;8.73;28.898;2.453;49.059;3
89;15;0.01;17.426;14.972;9.769;27.032;13.427;3
89;16;1.626;1.656;14.048;28.227;14.087;7.226;3
89;17;2.446;14.457;5.201;14.069;12.216;30.781;3
89;18;7.331;15.362;11.336;26.425;36.334;54.856;3
89;19;1.567;14.124;24.469;7.018;0.525;10.158;3
89;20;3.064;4.948;20.158;2.833;12.597;53.764;3
90;1;7.591;3.429;5.756;31.25;31.662;42.26;3
90;2;7.36;6.019;28.355;15.055;18.372;35.485;3
90;3;0.577;0.946;4.499;9.256;1.581;37.057;3
90;4;4.707;8.133;25.063;15.35;9.362;25.239;3
90;5;1.616;18.827;1.292;3.217;16.738;11.578;3
90;6;6.501;3.103;19.476;27.027;43.485;24.171;3
90;7;6.024;8.152;7.827;33.015;0.885;19.896;3
90;8;0.699;9.595;28.752;23.321;2.379;6.669;3
90;9;1.983;19.974;13.172;30.326;11.111;6.329;3
90;10;0.703;1.55;5.033;26.485;42.569;43.267;3
90;11;1.217;11.487;15.608;35.817;2.087;9.809;3
90;12;1.887;3.496;19.891;29.662;0.006;12.544;3
90;13;0.599;14.17;8.509;32.042;49.155;44.724;3
90;14;8.65;7.713;19.903;8.786;6.927;44.032;3
90;15;4.314;8.225;7.441;9.158;0.498;7.755;3
90;16;2.512;3.339;10.284;29.434;26.568;15.908;3
90;17;6.158;3.73;8.48;15.471;6.305;33.83;3
90;18;8.199;5.998;26.795;25.899;48.871;44.034;3
90;19;4.704;1.942;5.833;18.426;20.372;43.589;3
90;20;4.189;12.052;29.353;10.011;23.5;36.943;3
91;1;8.798;13.061;4.3;35.606;22.838;31.945;3
91;2;0.272;5.311;9.714;32.254;13.569;40.348;3
91;3;0.825;19.92;11.156;14.939;2.627;33.179;3
91;4;1.948;10.41;20.614;17.343;38.965;43.107;3
91;5;7.258;12.502;11.91;9.951;40.157;38.515;3
91;6;4.378;13.036;20.108;27.81;33.809;6.995;3
91;7;2.813;18.222;5.863;35.738;42.984;49.992;3
91;8;9.269;12.822;24.194;3.379;7.584;12.199;3
91;9;7.216;10.514;8.899;19.398;42.056;38.265;3
91;10;6.356;8.154;3.913;9.465;42.247;10.579;3
91;11;7.966;1.505;3.789;8.259;38.47;50.742;3
91;12;8.636;7.855;27.626;25.007;18.45;43.613;3
91;13;5.713;10.31;1.04;15.498;4.451;21.985;3
91;14;1.145;17.705;7.435;0.298;35.139;5.041;3
91;15;5.886;1.474;10.222;29.332;27.003;35.217;3
91;16;9.485;13.59;28.586;4.781;21.82;52.757;3
91;17;9.236;18.277;8.569;1.538;2.287;5.336;3
91;18;6.451;10.073;10.739;29.605;17.633;55.534;3
91;19;9.718;6.172;24.419;1.377;37.918;39.174;3
91;20;8.773;6.613;8.149;8.783;43.548;58.592;3
92;1;5.282;14.503;9.783;27.888;4.797;42.037;1
92;2;8.181;14.942;20.223;30.029;41.884;36.893;1
92;3;7.213;13.345;27.538;21.957;16.539;22.604;1
92;4;4.459;14.951;25.888;26.314;21.001;25.091;1
92;5;5.774;7.96;17.655;36.226;0.582;35.793;1
92;6;6.892;8.301;7.158;3.26;48.949;2.886;1
92;7;0.204;5.267;1.796;18.656;36.523;25.031;1
92;8;1.403;16.397;3.352;30.068;24.757;24.579;1
92;9;4.767;16.978;6.279;7.892;43.242;23.528;1
92;10;0.077;17.005;16.803;23.328;9.002;33.134;1
92;11;6.697;14.74;23.035;9.584;42.761;45.806;1
92;12;7.048;15.941;20.564;34.667;30.367;34.782;1
92;13;6.417;6.236;24.273;29.625;39.962;21.861;1
92;14;3.398;14.062;13.712;19.113;2.991;24.855;1
92;15;2.623;11.959;0.424;10.762;30.491;23.921;1
92;16;6.196;17.455;14.257;5.076;13.576;50.502;1
92;17;6.949;10.763;22.937;9.787;18.446;52.996;1
92;18;8.879;5.386;12.327;29.498;24.567;13.888;1
92;19;8.113;14.302;5.971;9.572;20.368;32.062;1
92;20;7.849;11.146;13.414;18.516;48.401;16.592;1
93;1;3.416;11.829;15.14;4.062;36.891;15.322;2
93;2;7.517;17.824;0.46;11.087;33.705;45.94;2
93;3;9.841;16.378;24.921;10.932;12.588;26.655;2
93;4;0.474;8.498;8.447;21.509;26.009;39.84;2
93;5;9.336;14.774;2.574;5.709;9.995;4.836;2
93;6;1.215;1.356;22.42;5.336;45.691;13.237;2
93;7;0.963;0.739;27.148;14.711;19.764;55.209;2
93;8;1.476;1.099;13.473;24.047;33.802;6.062;2
93;9;4.511;10.265;4.898;19.93;32.072;2.308;2
93;10;8.18;4.497;18.059;22.998;3.299;9.697;2
93;11;4.171;11.284;22.568;16.06;1.385;2.527;2
93;12;7.995;10.386;11.679;18.558;43.8;2.725;2
93;13;3.281;5.132;0.484;13.366;39.508;3.674;2
93;14;2.49;8.89;2.586;6.397;13.737;9.815;2
93;15;5.015;6.855;28.996;28.226;10.99;51.765;2
93;16;4.55;0.435;5.719;31.807;14.101;59.969;2
93;17;1.947;16.416;14.724;27.462;14.193;36.765;2
93;18;7.477;7.845;26.145;27.274;37.259;49.368;2
93;19;6.426;9.552;21.475;19.909;37.214;55.08;2
93;20;8.255;2.205;5.859;28.891;2.65;18.943;2
94;1;9.697;13.06;4.664;17.178;24.714;50.034;2
94;2;9.219;1.265;7.217;32.112;33.994;46.551;2
94;3;5.616;14.689;8.904;38.874;46.14;5.25;2
94;4;4.176;6.554;4.453;27.052;44.377;37.667;2
94;5;8.16;17.481;6.555;12.718;12.579;33.548;2
94;6;7.509;18.979;12.193;23.075;23.317;21.182;2
94;7;6.267;12.265;8.531;7.328;23.487;5.063;2
94;8;8.584;10.02;5.812;29.376;3.178;39.209;2
94;9;3.107;17.199;4.638;26.446;0.44;21.678;2
94;10;2.555;0.943;13.758;8.549;4.043;3.994;2
94;11;2.597;10.693;2.353;23.736;28.392;28.818;2
94;12;8.012;0.211;19.932;19.409;34.345;45.549;2
94;13;8.093;18.785;2.924;35.694;0.481;29.42;2
94;14;3.812;0.336;6.823;32.719;40.052;5.681;2
94;15;7.438;4.307;12.038;4.558;11.724;45.315;2
94;16;9.193;18.929;0.211;38.884;39.266;2.244;2
94;17;0.841;2.78;16.896;31.911;42.158;17.76;2
94;18;5.405;10.16;1.316;18.5;0.086;52.774;2
94;19;2.531;11.868;10.976;37.967;28.233;47.058;2
94;20;7.741;11.082;26.497;15.805;42.228;55.758;2
95;1;1.08;15.804;14.599;32.371;13.914;19.228;3
95;2;6.322;12.513;29.844;32.674;49.048;8.511;3
95;3;7.733;13.488;12.416;9.362;47.407;32.583;3
95;4;1.693;5.222;21.318;29.977;15.904;45.714;3
95;5;9.861;7.628;13.405;38.715;5.69;22.412;3
95;6;2.356;12.349;17.972;13.339;7.096;59.943;3
95;7;6.374;13.565;29.069;38.499;30.901;55.694;3
95;8;4.935;18.925;17.102;35.119;8.096;32.822;3
95;9;5.947;17.128;11.945;35.281;16.929;28.371;3
95;10;2.463;15.517;18.272;34.868;44.726;6.453;3
95;11;4.761;7.488;5.79;31.726;20.841;20.897;3
95;12;3.779;14.237;16.17;12.063;41.635;50.246;3
95;13;1.855;16.17;27.108;9.74;42.186;13.213;3
95;14;5.781;18.801;3.317;11.187;4.233;49.427;3
95;15;6.141;1.577;29.058;33.69;4.962;14.099;3
95;16;1.238;7.441;15.992;14.535;12.347;38.482;3
95;17;0.57;11.593;16.532;1.607;31.887;16.078;3
95;18;3.446;11.608;14.554;30.941;49.223;26.52;3
95;19;9.625;12.417;25.31;27.181;22.34;16.911;3
95;20;0.429;17.846;9.511;7.176;4.561;42.677;3
96;1;8.063;0.543;11.024;29.056;24.818;25.588;1
96;2;0.424;18.601;8.812;12.804;28.685;23.438;1
96;3;3.779;5.547;14.901;13.573;40.706;36.08;1
96;4;8.283;13.486;28.053;5.367;44.813;14.604;1
96;5;5.84;13.318;9.378;2.658;48.86;57.023;1
96;6;7.566;18.119;14.349;38.197;33.045;58.366;1
96;7;8.128;9.343;21.287;38.269;35.179;24.248;1
96;8;7.915;7.299;7.335;13.223;17.698;26.216;1
96;9;4.943;5.989;3.75;18.722;31.274;31.467;1
96;10;5.91;14.255;27.893;1.169;36.589;39.17;1
96;11;3.097;7.112;3.011;19.383;49.068;43.922;1
96;12;2.875;19.824;29.272;26.654;13.087;34.824;1
96;13;2.683;3.375;12.957;27.885;37.871;3.856;1
96;14;6.579;12.705;1.365;13.481;36.016;33.227;1
96;15;5.119;7.09;12.01;19.646;17.176;47.008;1
96;16;2.153;8.76;4.62;9.123;40.402;0.99;1
96;17;1.721;16.229;14.175;18.563;36.01;3.41;1
96;18;6.845;14.953;15.053;4.275;43.174;21.396;1
96;19;9.735;18.567;26.538;10.872;29.672;19.515;1
96;20;5.883;5.053;1.449;9.088;34.632;37.666;1
97;1;6.427;1.688;8.282;26.565;27.367;32.663;1
97;2;0.666;10.664;0.628;38.766;30.406;9.318;1
97;3;6.806;0.369;22.619;20.144;13.174;41.14;1
97;4;2.639;6.208;3.475;31.687;24.614;44.007;1
97;5;2.523;1.28;19.491;0.665;12.539;31.627;1
97;6;4.902;19.675;22.289;1.235;8.145;4.531;1
97;7;5.216;6.552;27.274;2.033;10.078;0.204;1
97;8;1.357;9.404;11.481;36.423;24.417;21.107;1
97;9;3.268;19.107;3.12;12.539;45.493;48.606;1
97;10;4.349;0.765;10.5;30.655;49.891;23.5;1
97;11;7.011;6.169;7.378;15.111;0.456;48.505;1
97;12;5.472;8.23;25.533;34.151;4.776;39.777;1
97;13;8.214;15.038;5.063;3.523;23.485;47.27;1
97;14;5.459;12.404;19.714;32.005;3.966;24.548;1
97;15;3.799;10.158;18.791;6.347;18.534;24.468;1
97;16;2.775;4.863;15.921;27.213;48.394;41.581;1
97;17;7.546;10.571;18.237;2.542;28.255;11.726;1
97;18;6.974;8.16;24.42;34.446;13.019;38.862;1
97;19;3.167;3.246;11.703;39.22;45.346;8.072;1
97;20;4.804;4.381;2.328;30.313;26.163;15.707;1
98;1;0.253;0.382;3.152;13.269;15.648;26.767;2
98;2;1.044;13.496;26.493;10.962;38.837;36.681;2
98;3;1.395;2.934;17.847;6.711;32.296;59.839;2
98;4;6.09;15.678;18.353;6.343;2.312;12.07;2
98;5;7.983;1.993;10.538;8.785;8.697;26.259;2
98;6;6.125;8.704;16.06;5.607;11.411;11.894;2
98;7;8.184;3.732;0.057;38.882;22.515;32.913;2
98;8;9.408;4.663;20.949;5.041;26.033;4.346;2
98;9;7.607;10.827;24.011;17.955;48.279;20.081;2
98;10;0.693;17.932;13.243;9.99;49.862;22.131;2
98;11;7.011;4.256;9.482;4.051;44.311;29.593;2
98;12;4.943;12.961;1.802;2.33;41.99;25.155;2
98;13;3.201;4.16;14.285;19.012;7.705;24.022;2
98;14;4.051;1.454;3.442;24.448;26.549;36.299;2
98;15;1.425;17.788;3.726;24.523;1.239;39.559;2
98;16;6.733;2.417;22.884;24.974;24.603;24.901;2
98;17;5.608;19.606;26.659;28.906;26.173;29.748;2
98;18;4.753;15.113;22.566;13.281;48.158;19.564;2
98;19;3.006;2.576;14.259;8.489;40.447;46.207;2
98;20;4.538;0.238;3.64;23.995;45.845;39.944;2
99;1;0.291;0.744;26.029;26.889;49.349;15.271;1
99;2;9.044;19.57;27.746;27.062;34.466;4.522;1
99;3;9.961;7.874;25.701;22.69;30.64;27.26;1
99;4;3.856;4.017;12.44;14.833;49.161;59.57;1
99;5;6.446;12.036;23.794;30.127;34.578;26.256;1
99;6;7.536;10.065;25.012;18.836;23.439;56.065;1
99;7;9.849;4.122;2.182;33.186;17.998;49.136;1
99;8;0.639;11.398;7.048;5.662;15.653;37.51;1
99;9;7.181;0.27;23.42;16.871;2.202;57.148;1
99;10;2.706;16.637;14.837;6.044;25.805;29.221;1
99;11;0.806;1.672;4.173;22.01;30.571;24.081;1
99;12;6.154;0.946;2.549;10.096;44.452;10.887;1
99;13;4.059;12.746;19.689;21.426;14.796;50.499;1
99;14;4.344;3.539;16.911;19.623;5.618;52.467;1
99;15;4.877;6.923;8.532;21.096;0.882;38.352;1
99;16;8.219;12.313;9.015;30.338;24.795;26.667;1
99;17;8.816;2.429;16.374;38.632;22.972;26.91;1
99;18;8.68;1.538;11.943;28.851;40.377;1.925;1
99;19;9.301;5.965;2.465;1.305;42.546;47.735;1
99;20;9.637;18.241;22.992;18.132;1.768;35.827;1
100;1;0.857;12.727;13.227;34.301;33.614;33.533;3
100;2;5.865;11.28;24.18;26.14;2.508;46.323;3
100;3;0.012;7.988;5.137;23.21;47.371;25.078;3
100;4;2.974;3.196;4.489;0.163;40.609;16.311;3
100;5;6.118;10.001;9.183;22.706;22.465;4.217;3
100;6;6.255;10.826;18.199;35.825;8.126;22.651;3
100;7;9.188;13.882;27.481;13.747;26.771;2.42;3
100;8;9.782;12.07;25.936;25.189;29.093;24.032;3
100;9;7.491;2.157;2.147;10.102;38.245;21.887;3
100;10;5.473;14.449;6.673;24.616;11.311;24.126;3
100;11;4.734;15.94;27.428;17.961;35.335;36.249;3
100;12;2.117;14.557;18.468;21.15;23.297;28.34;3
100;13;5.297;19.33;28.553;34.862;35.545;20.858;3
100;14;7.8;10.982;22.877;3.432;8.229;26.134;3
100;15;6.875;16.955;5.843;8.579;38.708;6.253;3
100;16;8.12;13.815;1.653;30.849;29.371;15.236;3
100;17;5.596;5.919;17.945;16.984;32.512;1.934;3
100;18;1.601;10.917;4.204;7.143;2.595;12.372;3
100;19;5.073;9.387;20.982;26.088;40.272;23.139;3
100;20;5.485;19.438;13.758;32.925;46.037;25.473;3
101;1;1.556;3.873;0.492;21.578;21.992;20.631;2
101;2;7.667;6.476;0.023;20.953;44.04;22.709;2
101;3;7.024;16.973;1.709;31.76;46.206;58.336;2
101;4;7.536;16.753;11.107;8.087;15.765;23.55;2
101;5;9.567;15.543;2.431;20.895;39.294;39.031;2
101;6;5.063;5.277;14.273;28.787;26.127;53.19;2
101;7;2.502;9.745;7.967;37.644;18.536;23.92;2
101;8;9.687;17.516;2.931;39.015;9.916;43.936;2
101;9;5.889;13.491;19.436;9.763;16.369;27.274;2
101;10;5.95;17.312;11.434;33.24;7.221;38.423;2
101;11;1.935;10.508;27.098;28.314;19.718;33.314;2
101;12;4.087;6.66;14.53;2.839;9.483;19.386;2
101;13;4.813;13.335;23.267;1.935;43.443;59.256;2
101;14;0.914;13.655;20.311;24.589;9.973;31.257;2
101;15;3.836;11.158;29.493;38.886;46.567;6.899;2
101;16;2.235;7.769;5.62;38.605;19.358;49.214;2
101;17;4.085;14.832;23.211;10.216;15.562;19.054;2
101;18;7.033;4.91;26.361;13.268;30.394;19.765;2
101;19;9.442;5.793;18.884;27.746;44.699;9.726;2
101;20;7.254;12.042;17.211;5.144;18.927;28.425;2
102;1;6.08;9.897;20.469;20.16;6.12;57.955;2
102;2;2.707;3.231;29.458;32.157;35.786;50.188;2
102;3;2.849;17.105;10.919;4.233;32.572;29.624;2
102;4;5.264;4.735;14.478;34.959;28.98;25.835;2
102;5;0.996;16.088;27.329;21.674;36.897;50.251;2
102;6;8.937;6.672;17.536;14.993;28.628;9.598;2
102;7;1.177;15.181;28.078;34.011;48.719;57.435;2
102;8;9.328;0.778;10.131;27.683;47.09;56.452;2
102;9;3.968;17.161;13.282;3.386;33.484;36.912;2
102;10;0.42;17.868;17.597;13.181;31.721;31.36;2
102;11;0.278;17.817;12.971;22.312;16.789;52.783;2
102;12;3.553;11.138;20.221;34.883;48.826;57.177;2
102;13;4.182;0.439;4.736;23.313;14.731;2.85;2
102;14;0.562;5.664;4.127;13.539;48.12;4.73;2
102;15;4.318;15.913;7.389;14.096;8.514;36.673;2
102;16;6.114;10.27;23.884;5.965;6.014;5.145;2
102;17;1.557;18.827;18.395;34.811;3.428;47.818;2
102;18;9.484;18.792;16.527;23.569;4.287;16.529;2
102;19;1.473;0.373;10.401;7.733;6.333;17.578;2
102;20;9.146;9.333;10.025;12.195;23.298;43.897;2
103;1;7.976;15.469;16.707;10.192;7.521;24.859;2
103;2;3.481;17.905;29.936;2.245;38.955;31.552;2
103;3;4.26;17.748;1.54;27.394;26.527;8.801;2
103;4;6.323;11.462;20.589;17.869;24.375;31.859;2
103;5;8.308;1.621;29.373;28.357;48.803;34.917;2
103;6;3.929;2.627;6.322;10.954;49.236;21.323;2
103;7;2.526;6.008;22.466;38.359;9.986;25.112;2
103;8;4.229;3.749;14.345;37.999;2.612;2.934;2
103;9;2.952;8.638;9.246;19.661;9.075;41.28;2
103;10;2.161;19.474;1.258;18.82;43.183;5.028;2
103;11;6.97;9.913;4.366;10.62;38.441;12.514;2
103;12;9.247;12.803;7.421;37.536;43.312;44.272;2
103;13;0.3;18.9;7.866;8.639;47.85;4.839;2
103;14;0.582;9.682;6.603;17.702;31.717;20.368;2
103;15;8.962;12.635;11.414;38.066;3.962;21.939;2
103;16;1.808;15.073;20.505;6.671;3.689;12.053;2
103;17;2.156;17.872;20.272;28.212;38.162;54.82;2
103;18;7.257;11.466;14.151;34.429;12.4;0.801;2
103;19;9.986;6.911;29.15;14.794;45.558;46.409;2
103;20;2.14;8.6;7.272;39.264;42.214;1.34;2
104;1;3.606;13.091;23.237;33.682;44.623;19.518;3
104;2;4.504;13.482;11.361;16.683;20.207;16.067;3
104;3;6.114;15.532;11.904;16.054;33.597;19.571;3
104;4;5.116;13.165;25.699;6.479;8.599;22.998;3
104;5;7.568;18.95;29.443;8.928;25.351;15.595;3
104;6;9.043;17.274;23.898;3.224;16.858;13.145;3
104;7;7.969;17.996;16.83;23.289;35.169;13.831;3
104;8;9.417;4.117;8.873;23.507;23.704;16.952;3
104;9;3.212;9.669;25.94;2.892;12.122;44.985;3
104;10;7.468;10.49;22.405;11.056;1.109;14.329;3
104;11;5.33;0.676;24.007;14.53;3.386;41.007;3
104;12;2.925;9.944;0.15;26.166;28.507;53.229;3
104;13;6.078;1.545;29.724;19.161;1.254;28.668;3
104;14;0.51;17.749;16.889;38.248;1.388;10.891;3
104;15;9.581;1.824;19.99;31.299;49.513;30.554;3
104;16;7.569;7.677;13.372;8.897;45.179;12.446;3
104;17;2.582;3.439;21.931;26.664;28.747;53.91;3
104;18;9.447;12.948;10.221;35.559;3.394;8.248;3
104;19;7.966;18.855;4.908;36.161;0.448;59.695;3
104;20;9.861;19.169;7.35;4.568;46.699;29.974;3
105;1;1.215;7.566;6.889;21.115;42.846;52.177;1
105;2;8.928;11.54;28.021;19.312;32.916;33.107;1
105;3;0.834;8.942;27.469;12.794;14.027;36.136;1
105;4;1.302;10.745;3.663;36.764;48.323;53.899;1
105;5;2.843;1.485;19.389;8.095;7.794;16.59;1
105;6;6.915;16.269;22.853;9.991;27.916;38.405;1
105;7;4.463;10.446;10.277;4.813;6.514;59.677;1
105;8;3.172;19.835;9.614;12.646;11.249;45.818;1
105;9;7.389;4.463;21.095;9.249;42.053;35.868;1
105;10;2.361;11.376;2.746;4.949;31.091;58.011;1
105;11;4.125;16.504;17.927;2.99;7.703;57.589;1
105;12;2.552;11.488;14.375;17.706;11.242;26.868;1
105;13;9.2;11.215;14.392;33.504;47.652;15.839;1
105;14;2.044;10.185;27.382;12.77;37.993;11.435;1
105;15;6.267;15.349;26.981;34.62;14.3;30.031;1
105;16;8.252;13.865;7.253;14.777;25.789;2.446;1
105;17;5.538;6.247;8.645;23.909;9.962;50.468;1
105;18;7.095;9.326;20.832;22.528;44.491;28.883;1
105;19;4.025;8.3;2.735;28.766;39.131;5.488;1
105;20;3.883;19.052;16.046;12.534;4.318;24.709;1
106;1;4.749;16.983;7.668;12.662;6.521;40.398;3
106;2;3.634;0.782;24.547;1.318;13.257;48.98;3
106;3;2.781;19.697;16.209;7.61;25.127;54.096;3
106;4;1.084;18.49;22.367;39.663;45.442;4.688;3
106;5;0.937;12.243;7.236;13.226;23.145;10.097;3
106;6;1.489;12.076;2.958;19.102;30.484;48.133;3
106;7;8.267;9.499;12.165;31.751;22.617;43.207;3
106;8;5.75;2.735;5.826;38.379;44.72;31.968;3
106;9;0.553;3.196;7.459;8.332;20.781;57.196;3
106;10;5.368;19.564;15.295;1.898;30.822;28.756;3
106;11;5.017;12.937;15.398;36.429;9.087;30.796;3
106;12;5.24;19.772;1.152;38.888;5.222;9.674;3
106;13;4.164;9.727;9.899;25.091;35.061;5.948;3
106;14;0.099;8.905;5.171;1.489;11.099;15.683;3
106;15;6.598;19.78;0.696;34.622;43.4;57.795;3
106;16;5.819;19.269;15.911;19.888;2.393;52.924;3
106;17;7.505;16.629;13.573;34.153;39.265;58.607;3
106;18;0.603;17.71;28.31;17.007;14.852;23.003;3
106;19;3.364;4.496;0.108;0.667;0.689;48.117;3
106;20;8.939;9.824;3.863;38.092;44.386;29.096;3
107;1;1.957;4.762;14.498;4.101;31.166;59.568;1
107;2;4.733;0.832;19.687;29.673;2.245;0.906;1
107;3;0.288;13.569;6.682;19.308;2.144;19.993;1
107;4;4.758;12.908;2.413;28.854;0.624;37.892;1
107;5;4.948;15.437;1.469;7.339;16.094;43.815;1
107;6;3.099;6.52;18.089;2.825;2.276;17.848;1
107;7;5.363;5.926;29.901;28.414;42.744;46.535;1
107;8;7.289;18.52;25.117;13.106;43.799;15.353;1
107;9;8.345;14.293;20.031;3.994;2.848;36.84;1
107;10;1.079;0.604;12.691;1.604;35.966;6.354;1
107;11;5.515;15.738;1.598;26.346;17.62;45.461;1
107;12;6.01;17.44;13.497;15.757;39.883;30.804;1
107;13;9.653;14.061;9.46;9.671;23.581;40.91;1
107;14;5.977;10.268;27.713;19.17;46.51;49.568;1
107;15;1.518;3.147;19.902;3.5;29.417;45.063;1
107;16;7.624;6.675;17.734;16.114;7.495;28.823;1
107;17;1.018;17.347;0.969;1.746;6.561;38.538;1
107;18;0.845;11.261;20.159;5.047;26.086;53.349;1
107;19;9.662;4.064;2.016;16.516;11.041;49.546;1
107;20;8.29;18.337;21.506;33.611;39.81;20.987;1
108;1;3.027;4.071;7.792;11.937;21.211;5.44;3
108;2;1.167;17.833;2.071;38.033;25.096;52.821;3
108;3;6.838;1.486;6.135;34.924;19.543;48.876;3
108;4;6.164;10.716;19.902;8.579;4.069;46.841;3
108;5;2.108;6.132;8.244;36.69;15.389;31.951;3
108;6;0.116;2.854;27.483;4.124;8.189;35.415;3
108;7;5.918;16.763;16.424;16.662;40.164;28.7;3
108;8;8.129;5.943;9.04;31.329;13.404;9.485;3
108;9;0.848;12.087;24.11;2.295;39.732;37.376;3
108;10;8.323;10.475;4.343;39.035;33.006;8.642;3
108;11;3.905;2.414;26.754;20.845;32.74;5.448;3
108;12;9.497;19.694;4.594;13.567;27.702;47.45;3
108;13;2.827;6.903;2.113;11.13;4.663;43.794;3
108;14;8.853;5.154;27.47;31.177;6.488;25.105;3
108;15;1.06;9.585;15.199;4.347;43.892;20.306;3
108;16;5.534;10.975;14.71;28.52;8.191;11.727;3
108;17;7.797;5.745;7.788;32.512;4.244;25.303;3
108;18;0.206;10.636;26.434;6.865;15.285;46.145;3
108;19;3.331;16.94;19.375;4.299;21.638;1.952;3
108;20;0.926;13.964;13.333;31.452;22.245;27.643;3
109;1;0.858;0.506;26.425;14.039;32.09;31.881;2
109;2;1.791;4.07;26.749;30.986;30.122;4.949;2
109;3;2.174;4.638;28.489;19.265;27.941;39.753;2
109;4;5.655;14.828;9.25;31.33;39.561;43.913;2
109;5;8.93;0.046;8.719;25.415;16.872;19.436;2
109;6;5.437;6.784;25.14;19.289;39.006;13.176;2
109;7;4.349;9.172;26.519;29.924;19.307;9.236;2
109;8;0.298;18.519;10.68;28.397;46.22;53.898;2
109;9;7.277;2.016;7.491;27.843;14.905;6.559;2
109;10;7.971;8.516;28.92;35.582;7.769;32.283;2
109;11;4.48;14.646;26.998;21.222;0.167;23.309;2
109;12;6.464;1.282;17.777;16.259;36.2;2.524;2
109;13;0.215;16.368;14.123;37.094;10.744;6.692;2
109;14;5.209;18.87;15.327;33.725;5.559;48.686;2
109;15;8.626;2.399;8.415;8.581;43.231;2.956;2
109;16;5.782;4.005;14.803;16.208;11.975;59.196;2
109;17;8.058;1.514;9.097;6.196;2.357;55.946;2
109;18;5.5;0.909;16.647;26.814;45.063;49.528;2
109;19;2.885;14.596;22.901;12.701;10.144;20.948;2
109;20;5.915;2.552;25.896;34.202;44.54;53.811;2
110;1;4.495;16.808;18.388;16.407;32.464;1.929;2
110;2;0.816;8.767;17.241;4.349;6.55;1.259;2
110;3;5.306;19.67;23.738;33.664;14.206;20.227;2
110;4;3.156;0.41;29.099;28.549;20.302;13.706;2
110;5;6.527;19.501;9.715;31.63;15.365;47.34;2
110;6;3.789;12.12;18.736;32.791;30.51;39.532;2
110;7;4.159;16.669;2.765;21.594;6.484;41.668;2
110;8;5.038;9.782;9.135;11.193;10.168;55.038;2
110;9;8.39;15.64;21.77;28.59;13.723;8.334;2
110;10;2.985;6.581;8.172;39.471;39.675;31.973;2
110;11;9.132;7.535;27.209;20.753;10.277;44.334;2
110;12;2.984;16.422;25.262;29.503;40.537;16.28;2
110;13;2.008;8.943;19.108;17.061;47.786;27.498;2
110;14;0.617;8.724;28.724;34.659;40.683;11.062;2
110;15;5.921;8.739;27.181;1.84;15.027;57.029;2
110;16;6.662;13.799;19.277;17.792;2.731;49.757;2
110;17;5.433;9.167;9.244;2.305;16.658;58.628;2
110;18;2.341;14.841;19.224;35.7;9.243;5.366;2
110;19;1.912;8.299;22.188;30.495;28.353;56.096;2
110;20;6.582;4.172;25.538;8.354;17.513;47.921;2
111;1;8.494;1.571;21.616;30.374;10.766;44.564;2
111;2;2.27;19.099;18.883;27.714;0.007;0.355;2
111;3;8.104;19.15;16.122;21.892;7.02;52.401;2
111;4;4.943;5.673;7.062;2.269;33.029;29.42;2
111;5;6.02;6.968;7.455;33.716;34.564;59.834;2
111;6;3.996;8.877;6.598;3.935;24.884;5.371;2
111;7;3.766;4.058;27.345;32.517;20.305;31.164;2
111;8;5.368;14.156;17.031;22.034;22.168;35.976;2
111;9;5.912;15.094;16.362;39.329;29.122;18.818;2
111;10;1.645;8.152;24.635;37.59;39.455;16.315;2
111;11;5.971;5.181;29.188;10.144;16.526;56.654;2
111;12;0.457;4.249;27.657;28.033;4.433;25.948;2
111;13;8.083;9.992;15.44;38.517;9.294;25.492;2
111;14;8.886;14.105;8.209;8.563;31.191;33.456;2
111;15;3.889;9.564;21.768;28.37;21.86;47.392;2
111;16;5.35;3.272;4.38;16.463;48.129;25.83;2
111;17;2.161;16.2;0.393;34.976;7.139;31.878;2
111;18;1.035;5.663;14.124;31.004;44.454;23.946;2
111;19;7.365;10.16;4.937;31.785;4.667;35.766;2
111;20;3.542;17.083;26.038;18.156;26.7;4.973;2
112;1;4.79;0.549;25.528;6.693;13.242;41.489;1
112;2;1.753;19.655;27.07;6.728;5.319;28.782;1
112;3;2.634;19.668;23.484;14.203;33.388;10.773;1
112;4;6.22;7.366;18.882;35.927;1.679;16.057;1
112;5;6.841;2.06;28.973;4.284;35.519;44.643;1
112;6;7.681;10.36;13.674;0.425;6.094;21.897;1
112;7;4.858;18.981;15.2;34.303;4.22;54.424;1
112;8;5.752;8.804;14.427;26.603;16.106;40.209;1
112;9;3.203;19.519;19.453;32.812;37.492;34.65;1
112;10;8.356;7.573;12.086;9.209;1.948;5.903;1
112;11;2.034;4.791;3.62;4.24;16.082;48.515;1
112;12;9.179;10.823;28.107;14.609;16.397;45.922;1
112;13;1.902;16.048;29.217;21.603;32.11;22.93;1
112;14;7.062;6.036;10.8;10.746;33.118;15.893;1
112;15;5.892;5.995;13.934;7.565;41.853;56.819;1
112;16;4.887;8.09;16.645;35.399;9.692;43.302;1
112;17;3.31;4.415;18.805;33.339;3.27;3.059;1
112;18;6.862;18.684;7.047;16.915;41.257;8.495;1
112;19;7.425;12.938;23.008;4.923;37.525;59.947;1
112;20;1.946;0.787;20.681;7.262;32.539;21.403;1
113;1;9.233;8.354;14.127;27.654;44.539;43.63;2
113;2;3.291;6.036;21.075;39.532;0.008;9.832;2
113;3;1.514;13.231;6.153;36.434;30.41;35.836;2
113;4;9.177;10.436;25.969;5.728;48.217;40.189;2
113;5;1.922;2.201;23.855;25.917;18.543;11.817;2
113;6;6.106;6.192;13.456;35.98;18.267;49.726;2
113;7;7.994;1.073;5.645;32.319;33.915;24.238;2
113;8;0.268;11.325;15.832;12.671;42.449;22.618;2
113;9;1.518;19.161;6.369;23.635;40.97;10.591;2
113;10;1.065;5.343;10.336;8.944;47.284;31.508;2
113;11;2.319;10.093;20.449;1.197;32.493;18.348;2
113;12;4.313;8.494;19.181;28.677;11.661;35.461;2
113;13;1.453;3.765;27.138;6.761;18.644;39.724;2
113;14;5.406;7.302;20.468;21.858;44.355;52.755;2
113;15;4.677;10.536;26.262;17.679;25.766;57.766;2
113;16;9.79;3.604;19.24;32.036;27.27;58.711;2
113;17;9.804;15.79;20.044;6.539;3.704;32.962;2
113;18;2.657;13.904;12.187;4.27;14.332;51.947;2
113;19;9.247;12.811;15.366;27.17;21.706;50.822;2
113;20;0.564;5.512;9.653;15.332;36.836;54.663;2
114;1;6.852;0.293;6.316;23.433;38.709;34.879;2
114;2;5.503;16.838;9.271;9.72;6.824;6.247;2
114;3;5.33;12.159;28.07;15.092;47.474;41.451;2
114;4;8.38;7.0;21.609;34.064;5.894;49.726;2
114;5;9.259;8.277;7.573;3.534;23.934;17.662;2
114;6;4.196;18.691;7.971;25.04;42.637;17.971;2
114;7;1.979;10.265;8.394;11.772;13.627;53.358;2
114;8;2.76;18.674;2.179;3.644;3.92;44.245;2
114;9;8.793;8.331;8.119;30.492;5.004;41.318;2
114;10;9.682;17.903;8.442;7.411;34.0;20.586;2
114;11;1.968;18.106;2.702;2.911;49.316;29.73;2
114;12;2.256;17.13;10.482;37.524;20.485;42.402;2
114;13;6.064;9.134;7.331;33.727;27.886;47.421;2
114;14;5.924;3.365;5.038;21.346;49.05;16.687;2
114;15;9.478;17.758;28.796;13.215;8.438;56.845;2
114;16;9.398;19.226;8.123;7.849;46.872;1.526;2
114;17;0.653;19.645;8.177;37.247;41.686;39.552;2
114;18;4.922;1.305;9.512;34.444;14.364;28.273;2
114;19;4.702;2.771;10.832;1.695;44.783;15.795;2
114;20;8.749;2.752;18.676;2.68;3.345;43.097;2
115;1;4.312;15.823;19.876;15.352;19.909;54.785;3
115;2;6.071;12.322;29.109;14.086;36.922;35.626;3
115;3;2.443;6.607;13.506;30.112;44.986;42.863;3
115;4;0.311;10.626;17.72;22.11;1.044;22.769;3
115;5;6.6;6.353;24.616;27.093;35.422;28.005;3
115;6;1.908;17.43;18.879;39.876;10.037;31.774;3
115;7;6.383;10.066;28.966;25.445;4.919;39.355;3
115;8;7.448;8.631;16.541;20.553;18.264;17.985;3
115;9;5.17;15.53;27.649;28.421;32.201;33.271;3
115;10;6.262;3.904;1.601;8.754;12.265;18.851;3
115;11;6.516;9.985;12.613;16.167;2.789;1.327;3
115;12;5.686;11.118;15.797;37.533;49.42;38.63;3
115;13;8.945;15.466;14.702;18.119;33.966;58.284;3
115;14;1.019;18.208;12.898;21.913;29.749;39.946;3
115;15;6.443;10.683;4.821;27.015;41.209;42.397;3
115;16;1.216;7.348;14.287;30.887;46.254;39.639;3
115;17;6.895;1.811;12.228;19.907;49.48;10.961;3
115;18;5.872;8.143;9.923;24.105;18.523;6.479;3
115;19;6.749;1.42;21.11;7.142;12.194;36.123;3
115;20;8.221;2.305;9.458;3.339;21.447;4.6;3
116;1;7.303;3.134;9.413;13.602;36.118;49.255;3
116;2;0.025;9.36;3.528;21.561;43.81;52.741;3
116;3;2.204;12.276;9.086;28.38;30.787;24.473;3
116;4;0.853;7.763;2.902;10.69;34.497;15.274;3
116;5;5.659;13.202;25.308;7.847;40.953;26.009;3
116;6;0.788;7.231;28.786;0.06;22.063;5.113;3
116;7;4.577;12.019;29.567;15.158;4.443;6.797;3
116;8;4.519;12.512;5.233;12.125;30.232;34.015;3
116;9;7.914;6.285;16.653;22.075;21.007;41.844;3
116;10;0.746;6.274;20.283;1.105;5.724;38.346;3
116;11;0.109;4.445;6.635;2.322;24.51;12.857;3
116;12;9.177;15.164;11.009;16.604;23.891;39.405;3
116;13;3.569;12.233;27.441;14.689;16.956;10.103;3
116;14;2.788;13.2;26.99;2.431;22.347;11.343;3
116;15;4.081;8.651;14.164;31.004;13.356;21.852;3
116;16;2.043;9.439;12.01;16.477;34.28;16.697;3
116;17;0.787;14.217;21.828;32.524;5.393;59.566;3
116;18;9.719;13.094;23.658;4.065;29.66;41.171;3
116;19;1.186;2.048;13.037;39.54;41.631;59.805;3
116;20;6.293;5.476;18.653;6.147;37.98;47.808;3
117;1;3.759;19.388;25.712;19.44;22.449;59.169;1
117;2;8.36;8.503;14.635;10.309;21.453;12.467;1
117;3;8.293;11.03;12.293;3.026;47.1;35.069;1
117;4;9.123;6.802;6.421;26.874;41.196;20.804;1
117;5;2.665;7.921;24.307;31.122;20.272;19.484;1
117;6;9.058;4.082;16.092;19.386;32.198;15.837;1
117;7;7.926;0.339;13.537;30.082;23.14;46.515;1
117;8;9.534;13.584;3.579;12.505;24.962;9.761;1
117;9;0.931;1.565;8.725;26.792;23.863;32.061;1
117;10;4.438;1.82;27.425;21.36;35.552;13.183;1
117;11;4.847;1.093;28.974;27.911;16.677;38.669;1
117;12;9.107;4.813;24.449;6.462;37.389;46.858;1
117;13;3.182;7.805;24.794;3.374;28.748;35.673;1
117;14;6.962;18.483;2.076;2.142;28.44;58.745;1
117;15;6.208;5.957;5.476;28.259;5.529;9.667;1
117;16;3.691;8.934;7.228;15.07;5.396;18.335;1
117;17;1.238;2.006;13.397;29.104;45.161;16.908;1
117;18;4.793;17.694;1.508;17.362;6.676;37.836;1
117;19;3.52;17.625;15.082;6.272;26.029;47.615;1
117;20;0.504;9.867;2.808;3.034;33.075;0.421;1
118;1;2.275;17.08;8.376;14.374;18.342;41.874;3
118;2;3.917;10.52;0.995;32.653;43.495;54.847;3
118;3;8.407;7.494;28.445;10.469;22.98;54.184;3
118;4;4.462;19.539;8.815;8.16;21.895;6.997;3
118;5;5.197;10.79;29.154;17.877;19.169;16.063;3
118;6;3.512;14.685;25.592;31.596;6.196;44.77;3
118;7;5.954;16.597;14.931;0.79;27.68;39.519;3
118;8;0.245;11.478;25.689;3.749;38.581;31.206;3
118;9;7.185;14.478;1.864;6.407;19.047;32.031;3
118;10;1.372;8.087;22.151;4.991;5.837;20.47;3
118;11;4.488;12.748;17.518;37.947;2.782;56.623;3
118;12;4.026;1.223;14.143;26.658;0.275;6.902;3
118;13;8.333;2.704;22.877;37.436;8.964;7.851;3
118;14;9.294;3.172;10.804;23.328;2.945;58.683;3
118;15;6.109;8.576;2.303;23.774;19.868;44.354;3
118;16;6.798;13.906;16.523;29.851;18.676;32.937;3
118;17;9.008;8.824;11.985;22.333;37.888;2.433;3
118;18;6.726;18.52;16.998;16.144;12.257;36.412;3
118;19;8.257;16.698;23.241;36.294;41.531;40.218;3
118;20;8.639;18.097;27.33;18.808;11.8;13.869;3
119;1;3.688;9.016;1.761;12.014;6.02;23.902;2
119;2;9.345;7.994;0.932;4.441;40.54;6.96;2
119;3;4.802;16.322;6.425;34.768;32.479;3.206;2
119;4;7.222;11.451;0.558;2.308;39.726;12.918;2
119;5;4.893;3.988;22.569;17.993;28.552;48.568;2
119;6;2.594;9.528;23.267;30.209;30.469;24.266;2
119;7;6.987;4.742;24.117;14.456;21.973;24.464;2
119;8;8.772;5.595;9.775;14.359;12.299;58.275;2
119;9;3.571;4.168;27.857;30.339;29.428;59.383;2
119;10;2.183;3.351;29.953;19.157;19.497;40.728;2
119;11;9.825;16.029;11.482;19.381;40.16;11.847;2
119;12;8.149;0.885;0.616;36.93;45.716;6.728;2
119;13;0.605;2.341;16.71;25.284;15.104;43.766;2
119;14;5.058;8.133;11.476;10.377;40.219;34.849;2
119;15;8.0;17.101;28.758;11.453;35.077;32.209;2
119;16;3.823;18.155;2.12;38.914;9.232;9.099;2
119;17;7.183;19.24;13.058;26.398;49.064;4.719;2
119;18;8.38;3.333;0.499;35.751;17.622;27.568;2
119;19;4.458;10.83;5.406;24.687;2.562;7.63;2
119;20;9.657;2.224;10.682;27.649;44.296;37.395;2
120;1;9.469;12.757;8.63;14.18;26.555;25.572;3
120;2;4.761;6.759;18.808;3.74;12.644;21.867;3
120;3;7.17;1.153;19.408;10.959;2.115;37.167;3
120;4;5.007;18.586;25.377;9.696;46.864;36.234;3
120;5;6.029;1.895;18.647;29.763;35.102;38.647;3
120;6;8.915;2.404;20.78;21.036;37.055;17.862;3
120;7;6.689;18.396;4.22;17.728;42.902;58.915;3
120;8;8.906;0.543;1.317;12.533;13.435;2.344;3
120;9;3.631;1.132;27.204;27.403;11.827;7.632;3
120;10;8.198;3.218;15.377;6.757;31.101;28.406;3
120;11;1.259;11.51;9.078;21.194;27.524;17.717;3
120;12;1.795;2.776;14.924;25.283;43.303;51.326;3
120;13;3.938;3.873;4.501;29.339;7.543;27.573;3
120;14;3.872;2.191;2.607;18.845;46.65;53.95;3
120;15;0.187;3.273;7.478;18.527;3.839;38.293;3
120;16;8.077;19.2;6.247;9.739;47.384;38.737;3
120;17;1.906;14.615;14.645;30.656;24.218;2.836;3
120;18;2.429;11.59;19.472;24.829;20.929;38.381;3
120;19;0.726;2.314;3.961;24.081;14.71;37.345;3
120;20;3.691;9.126;11.668;16.175;21.2;55.981;3
121;1;0.595;9.147;21.246;14.939;32.698;38.498;1
121;2;1.211;11.837;9.232;4.701;12.51;34.403;1
121;3;4.381;6.06;19.427;10.628;28.448;19.837;1
121;4;2.636;7.816;18.443;2.417;22.035;22.603;1
121;5;1.647;5.98;28.264;15.787;42.418;46.582;1
121;6;3.463;16.699;26.56;2.917;3.288;9.782;1
121;7;5.405;4.779;27.799;39.279;12.003;55.655;1
121;8;6.239;19.562;25.173;2.805;7.121;27.396;1
121;9;7.94;5.374;1.127;24.841;16.399;14.064;1
121;10;0.508;1.515;7.114;3.148;8.327;21.278;1
121;11;9.466;1.279;26.35;29.277;30.783;5.144;1
121;12;7.37;6.124;3.415;7.587;38.399;3.389;1
121;13;3.594;1.118;9.628;35.877;33.087;1.245;1
121;14;6.272;4.487;4.992;1.583;17.854;2.138;1
121;15;1.777;6.584;21.245;9.33;43.588;3.655;1
121;16;5.995;1.761;8.416;8.378;33.392;57.574;1
121;17;6.286;5.999;14.103;21.861;27.249;11.124;1
121;18;7.686;5.405;19.601;35.624;44.68;37.338;1
121;19;0.031;15.072;13.003;36.54;38.326;54.864;1
121;20;0.357;8.011;3.945;21.713;0.003;8.963;1
122;1;3.778;7.901;22.639;1.464;39.227;15.462;3
122;2;1.5;19.742;12.123;12.346;26.046;48.664;3
122;3;5.715;16.788;5.444;38.231;2.713;25.863;3
122;4;6.222;11.675;11.434;1.663;25.269;35.595;3
122;5;3.407;16.809;1.63;23.943;29.746;0.165;3
122;6;6.859;19.834;29.636;20.515;26.071;30.613;3
122;7;5.168;11.737;14.249;38.506;22.5;35.663;3
122;8;3.133;11.458;15.77;32.19;34.514;36.366;3
122;9;1.924;1.689;5.346;32.994;14.94;13.469;3
122;10;0.287;0.115;11.485;26.66;17.179;6.389;3
122;11;7.445;6.158;10.508;37.563;25.125;34.763;3
122;12;4.604;11.722;9.238;23.156;1.437;51.758;3
122;13;1.65;3.489;14.356;1.838;0.123;52.647;3
122;14;7.068;6.146;1.945;33.938;23.429;3.89;3
122;15;7.109;15.437;1.157;34.176;40.346;25.814;3
122;16;9.155;4.323;2.137;24.066;0.97;18.582;3
122;17;0.407;15.466;3.838;23.703;27.724;6.595;3
122;18;7.62;14.729;9.862;34.507;20.159;35.281;3
122;19;8.417;17.06;27.745;35.598;22.891;30.67;3
122;20;8.201;3.77;29.517;20.864;48.534;28.266;3
123;1;5.29;18.064;26.935;13.053;20.479;34.883;3
123;2;0.762;10.859;0.135;8.895;30.216;33.706;3
123;3;2.967;13.418;28.86;14.265;8.304;2.02;3
123;4;7.613;14.804;2.953;10.373;46.679;59.894;3
123;5;1.475;1.246;11.891;3.822;44.753;45.256;3
123;6;7.688;5.043;21.788;20.743;10.359;2.224;3
123;7;3.619;19.13;9.213;36.082;16.633;18.35;3
123;8;2.316;14.143;25.929;25.935;18.327;16.003;3
123;9;7.46;5.234;23.856;6.06;22.31;14.974;3
123;10;2.617;6.278;28.765;21.231;47.641;55.859;3
123;11;6.213;15.122;14.812;19.082;35.501;40.788;3
123;12;7.627;19.873;14.261;38.607;44.755;59.631;3
123;13;5.769;7.953;4.784;19.053;4.264;14.991;3
123;14;3.464;19.494;22.417;9.402;12.528;44.195;3
123;15;2.023;16.022;22.9;0.842;48.72;57.823;3
123;16;7.051;0.978;1.154;22.567;1.228;3.912;3
123;17;5.209;2.556;8.294;21.681;14.338;53.711;3
123;18;9.523;19.671;18.684;28.407;6.847;48.014;3
123;19;3.15;1.989;29.243;26.132;8.848;23.783;3
123;20;2.067;10.149;12.402;35.596;15.333;22.731;3
124;1;7.093;9.416;27.524;9.096;32.545;12.52;2
124;2;6.248;7.703;21.243;24.57;33.623;16.935;2
124;3;9.735;13.692;2.763;28.042;44.098;33.762;2
124;4;4.824;19.156;25.461;38.051;15.93;55.726;2
124;5;1.218;12.446;28.816;4.739;23.09;12.815;2
124;6;2.287;3.487;13.922;10.231;21.341;21.019;2
124;7;7.128;16.254;7.556;31.176;15.069;31.343;2
124;8;1.816;8.635;3.557;18.824;5.415;10.402;2
124;9;2.473;18.623;14.864;38.11;21.176;40.541;2
124;10;4.315;9.782;11.824;23.352;6.747;8.55;2
124;11;2.101;5.542;29.855;11.93;43.092;34.274;2
124;12;1.506;12.149;27.864;10.964;23.821;10.202;2
124;13;7.987;12.492;21.211;31.595;2.331;28.3;2
124;14;4.295;9.065;27.552;38.066;5.052;24.184;2
124;15;2.163;19.734;2.027;1.797;38.86;42.871;2
124;16;1.148;10.081;5.765;26.695;36.061;25.174;2
124;17;3.625;17.757;11.626;1.972;40.8;7.026;2
124;18;2.909;12.66;27.524;37.201;41.374;17.76;2
124;19;9.326;9.487;12.496;22.285;11.324;36.532;2
124;20;7.517;19.989;19.051;11.391;28.159;43.278;2
125;1;3.56;16.194;6.424;28.3;37.027;34.716;2
125;2;0.412;6.58;6.727;5.273;6.994;20.199;2
125;3;7.612;16.472;24.087;4.173;46.863;29.886;2
125;4;5.672;7.687;25.276;24.479;36.802;57.794;2
125;5;4.755;14.256;28.397;33.494;39.295;28.731;2
125;6;8.25;18.837;8.983;10.633;14.731;3.701;2
125;7;4.35;3.65;3.296;1.793;15.482;6.963;2
125;8;9.629;5.434;19.601;1.832;12.171;8.613;2
125;9;8.47;15.28;19.535;38.318;47.986;1.513;2
125;10;5.009;8.149;10.421;12.144;5.444;17.904;2
125;11;3.074;13.75;0.119;38.9;39.557;13.779;2
125;12;1.033;9.061;24.802;7.456;9.827;1.627;2
125;13;3.304;7.405;10.707;14.646;26.149;22.197;2
125;14;2.603;15.968;2.547;29.521;46.638;10.208;2
125;15;3.336;11.996;8.743;10.426;30.7;12.048;2
125;16;9.955;6.284;7.991;11.112;21.803;53.022;2
125;17;5.537;6.798;6.189;39.16;1.002;13.063;2
125;18;3.944;16.099;24.518;19.329;42.629;8.103;2
125;19;8.695;0.44;4.665;24.23;8.185;29.971;2
125;20;9.874;18.307;10.574;19.803;27.405;20.432;2
126;1;7.542;6.537;12.586;31.007;48.3;40.834;1
126;2;4.568;6.933;12.734;16.301;31.154;29.109;1
126;3;4.624;17.125;26.348;27.413;21.1;33.421;1
126;4;5.971;0.339;27.106;31.625;2.166;45.802;1
126;5;0.705;11.191;6.942;31.027;12.032;22.322;1
126;6;1.739;15.169;28.452;37.759;26.973;13.274;1
126;7;6.424;4.038;3.081;19.145;29.435;21.592;1
126;8;2.149;15.974;26.985;25.368;0.728;44.917;1
126;9;2.177;8.51;15.432;5.782;13.731;53.23;1
126;10;5.299;9.994;22.359;32.203;30.266;3.116;1
126;11;7.949;10.365;19.45;0.207;33.439;20.441;1
126;12;9.668;10.216;28.936;39.671;42.536;53.713;1
126;13;3.61;15.487;11.231;35.031;16.885;13.277;1
126;14;4.105;4.514;18.648;37.316;45.93;50.882;1
126;15;8.481;9.546;5.203;34.952;18.017;54.308;1
126;16;6.668;18.288;16.643;14.843;5.254;1.361;1
126;17;3.029;14.558;20.148;31.011;12.009;5.825;1
126;18;8.538;6.237;28.441;24.233;23.018;49.534;1
126;19;6.509;11.662;5.728;17.683;20.383;28.859;1
126;20;0.155;9.273;6.06;4.111;36.256;24.734;1
127;1;4.894;4.803;29.036;8.761;26.51;59.28;2
127;2;4.273;10.891;4.922;25.932;2.816;57.923;2
127;3;2.276;18.814;2.053;4.606;47.936;21.086;2
127;4;2.532;17.414;22.1;37.623;29.288;15.645;2
127;5;0.53;18.395;19.317;20.25;34.806;48.23;2
127;6;2.988;12.542;15.249;20.688;17.604;30.796;2
127;7;3.255;18.817;1.262;3.544;27.542;22.945;2
127;8;2.09;12.332;25.108;32.152;44.01;59.79;2
127;9;0.1;11.794;23.172;3.09;11.8;1.358;2
127;10;3.543;18.349;5.584;21.879;35.001;17.75;2
127;11;5.243;15.483;15.278;4.81;17.162;40.064;2
127;12;8.254;2.424;4.73;19.045;12.867;25.998;2
127;13;9.168;18.789;17.632;25.174;31.043;46.538;2
127;14;5.239;6.074;19.69;16.905;26.138;1.945;2
127;15;9.931;13.437;3.187;3.073;6.113;16.128;2
127;16;0.274;9.119;20.553;15.047;30.167;43.561;2
127;17;3.363;5.606;15.306;32.081;5.368;30.607;2
127;18;6.323;3.73;7.049;6.755;38.767;38.385;2
127;19;7.747;8.107;13.081;17.672;27.058;15.069;2
127;20;4.172;7.234;29.342;11.14;24.538;24.579;2
128;1;4.058;11.769;20.897;15.284;46.704;25.299;3
128;2;1.858;3.812;9.91;18.352;2.377;22.684;3
128;3;0.285;8.099;8.163;36.094;28.306;50.471;3
128;4;5.192;15.511;12.834;16.17;38.671;1.498;3
128;5;7.298;11.859;20.145;23.9;36.029;8.057;3
128;6;2.811;17.073;14.187;15.362;46.206;33.131;3
128;7;1.783;0.094;18.115;13.847;38.798;21.634;3
128;8;8.696;6.839;4.647;4.23;35.32;36.8;3
128;9;6.112;15.405;23.505;23.526;7.928;16.059;3
128;10;7.492;13.088;5.435;35.156;12.263;11.717;3
128;11;1.106;1.115;19.339;13.328;36.442;10.451;3
128;12;9.42;17.053;27.569;3.5;35.17;31.465;3
128;13;9.635;19.491;16.543;7.483;7.925;20.188;3
128;14;9.535;19.817;16.766;39.451;36.876;2.95;3
128;15;5.376;10.838;27.651;8.925;43.053;20.882;3
128;16;2.944;12.317;3.569;38.101;4.969;50.642;3
128;17;7.73;17.963;11.756;8.971;9.829;55.993;3
128;18;9.933;7.345;27.1;35.68;37.816;5.407;3
128;19;3.144;15.897;21.974;12.609;7.544;57.767;3
128;20;8.615;2.149;7.863;22.076;35.756;20.603;3
129;1;4.985;4.078;17.412;20.089;13.346;37.795;2
129;2;9.178;2.134;14.357;30.624;34.805;46.716;2
129;3;9.17;4.568;18.18;31.81;24.017;44.791;2
129;4;9.548;11.805;22.959;1.513;24.183;13.208;2
129;5;1.042;16.581;1.916;12.575;39.339;3.9;2
129;6;7.253;11.841;10.367;9.594;43.167;57.193;2
129;7;7.425;19.047;17.29;30.381;31.255;56.623;2
129;8;8.532;4.38;12.442;28.78;34.151;24.813;2
129;9;8.131;4.539;26.813;0.537;33.818;40.942;2
129;10;4.854;6.316;26.422;6.488;27.484;44.038;2
129;11;0.261;19.993;9.887;17.337;13.025;58.225;2
129;12;7.32;10.951;9.353;21.437;20.811;48.17;2
129;13;4.466;12.24;8.945;28.089;8.694;57.415;2
129;14;6.814;7.426;29.123;39.235;38.407;22.617;2
129;15;6.714;0.226;12.953;6.151;18.285;32.215;2
129;16;6.176;3.198;18.01;25.866;23.802;46.707;2
129;17;8.303;11.94;5.239;17.021;8.001;26.801;2
129;18;6.774;14.218;25.954;34.397;31.113;50.579;2
129;19;3.862;5.343;28.018;31.071;21.115;22.408;2
129;20;4.753;8.286;11.48;20.061;8.665;5.523;2
130;1;7.877;17.353;22.163;1.297;30.994;43.193;3
130;2;1.807;8.562;20.845;32.687;15.318;18.331;3
130;3;6.12;7.264;17.106;28.919;39.481;21.045;3
130;4;4.786;8.945;16.508;33.035;3.521;41.348;3
130;5;0.989;13.832;16.371;14.853;49.791;13.954;3
130;6;6.528;8.512;22.09;23.398;28.228;9.632;3
130;7;5.292;15.401;4.472;36.524;40.688;29.177;3
130;8;5.434;4.587;13.045;34.034;41.663;4.125;3
130;9;0.1;7.798;7.75;26.76;5.339;57.479;3
130;10;2.084;12.61;1.966;8.758;8.689;55.271;3
130;11;8.033;9.137;29.712;6.718;21.849;55.18;3
130;12;9.919;15.358;26.29;23.655;36.03;10.407;3
130;13;7.424;11.894;9.361;5.367;40.8;0.749;3
130;14;7.494;17.711;24.06;24.514;24.042;5.845;3
130;15;0.427;19.357;17.22;25.965;7.862;23.803;3
130;16;8.247;17.799;22.361;14.71;11.119;35.764;3
130;17;6.636;12.052;7.011;23.456;28.364;54.298;3
130;18;3.036;15.903;27.833;8.822;42.792;12.257;3
130;19;4.946;13.815;22.367;29.879;49.962;34.039;3
130;20;2.846;9.498;13.062;32.466;40.293;44.842;3
131;1;1.209;3.269;24.6;34.788;18.512;25.189;1
131;2;4.582;10.49;28.206;33.751;38.722;46.136;1
131;3;6.832;11.036;28.935;35.559;47.309;53.19;1
131;4;5.01;10.125;3.922;15.943;32.584;29.668;1
131;5;0.829;3.73;22.526;19.344;11.889;1.55;1
131;6;8.556;9.602;27.967;30.453;18.387;7.873;1
131;7;8.162;18.369;14.738;29.71;30.409;39.107;1
131;8;4.413;7.751;7.768;29.203;1.942;56.828;1
131;9;5.104;5.709;6.141;17.191;4.798;44.879;1
131;10;6.074;15.136;10.181;17.646;45.309;22.998;1
131;11;9.915;12.408;5.194;30.229;37.84;8.795;1
131;12;3.281;5.339;18.078;17.032;34.643;20.864;1
131;13;3.309;16.207;14.1;26.331;24.64;26.051;1
131;14;1.202;10.728;4.512;12.44;24.877;39.521;1
131;15;3.067;2.967;4.796;25.245;3.329;59.723;1
131;16;9.025;4.677;24.28;34.468;5.698;5.84;1
131;17;8.705;3.06;28.721;15.132;7.866;3.153;1
131;18;3.366;17.969;3.366;9.489;23.108;25.001;1
131;19;7.716;15.277;6.817;9.219;39.179;55.151;1
131;20;2.054;0.125;17.184;36.265;4.763;40.426;1
132;1;1.161;7.717;18.604;13.491;8.47;52.762;1
132;2;8.745;3.885;26.749;12.176;24.2;37.434;1
132;3;0.853;6.842;7.797;26.645;36.569;5.479;1
132;4;1.472;5.911;6.848;29.247;30.716;31.584;1
132;5;5.952;6.188;9.989;29.343;1.147;8.439;1
132;6;0.418;16.357;28.129;11.073;11.321;45.653;1
132;7;1.102;14.979;9.307;6.415;37.151;2.905;1
132;8;0.576;8.856;21.922;11.9;0.753;7.364;1
132;9;6.13;0.725;23.846;39.722;37.797;59.373;1
132;10;1.861;12.461;10.973;33.871;8.494;27.071;1
132;11;3.954;15.678;7.633;36.202;0.879;46.044;1
132;12;1.91;12.048;26.866;28.717;47.05;32.171;1
132;13;1.491;19.897;17.752;37.407;3.409;45.684;1
132;14;5.794;7.77;25.198;12.1;44.069;51.13;1
132;15;3.748;2.685;9.236;15.509;6.205;56.206;1
132;16;4.715;11.459;12.232;2.304;27.037;28.062;1
132;17;2.038;9.802;13.629;38.649;47.592;53.386;1
132;18;7.044;2.291;3.458;10.346;12.996;39.431;1
132;19;8.144;9.648;5.178;35.449;18.377;30.545;1
132;20;6.95;17.63;1.706;14.068;12.661;15.162;1
133;1;0.656;6.257;6.538;6.194;37.343;12.55;3
133;2;5.144;18.273;10.505;17.511;33.98;50.237;3
133;3;0.998;5.474;26.221;24.17;33.537;47.907;3
133;4;6.384;7.211;3.702;7.117;15.281;16.915;3
133;5;9.21;14.286;14.926;38.47;49.13;21.411;3
133;6;6.56;15.882;25.118;30.717;42.44;21.65;3
133;7;1.2;12.702;23.812;23.076;34.785;47.175;3
133;8;6.362;11.227;9.185;2.105;32.813;32.395;3
133;9;5.517;6.817;1.541;32.16;21.696;47.112;3
133;10;0.803;9.654;23.877;33.994;18.118;54.503;3
133;11;9.865;2.711;20.875;22.402;15.731;26.961;3
133;12;8.109;16.104;28.31;4.245;39.264;2.465;3
133;13;2.689;2.923;12.107;16.992;34.146;7.114;3
133;14;0.371;8.066;19.124;6.281;48.556;41.479;3
133;15;5.882;13.342;1.965;8.618;1.883;44.229;3
133;16;5.961;4.059;28.811;39.217;23.332;17.914;3
133;17;7.937;16.244;29.014;14.472;36.356;19.206;3
133;18;2.299;6.631;29.391;24.842;43.827;9.141;3
133;19;5.26;8.626;12.143;9.576;7.075;10.259;3
133;20;9.064;16.464;18.341;1.046;35.629;23.892;3
134;1;8.326;11.764;2.655;36.961;18.9;31.416;2
134;2;4.865;19.323;28.921;31.418;47.764;49.083;2
134;3;4.878;16.87;1.36;2.619;35.32;5.813;2
134;4;7.364;9.741;4.779;21.289;19.317;26.579;2
134;5;2.377;10.67;21.143;18.726;16.293;55.521;2
134;6;5.174;13.405;21.341;16.168;24.753;57.897;2
134;7;8.032;7.544;15.882;13.147;8.025;0.232;2
134;8;6.554;15.657;9.713;9.438;48.839;14.778;2
134;9;0.347;2.116;21.479;35.348;41.799;13.884;2
134;10;1.93;14.083;7.232;12.544;14.057;2.609;2
134;11;6.034;19.577;1.438;36.918;42.617;35.443;2
134;12;8.089;11.536;12.161;10.119;6.324;54.912;2
134;13;5.571;9.81;26.203;11.073;43.876;10.898;2
134;14;6.498;18.843;19.321;32.719;7.685;33.6;2
134;15;1.849;15.21;3.536;22.819;31.095;1.399;2
134;16;4.461;8.188;5.385;13.815;21.402;2.1;2
134;17;6.182;5.032;25.311;14.771;6.473;49.705;2
134;18;3.715;3.238;2.059;19.131;45.195;33.06;2
134;19;9.131;5.557;3.663;6.934;26.438;38.51;2
134;20;6.883;7.83;15.328;17.172;40.382;31.183;2
135;1;6.835;14.506;9.61;13.939;49.196;37.557;3
135;2;9.704;0.183;16.676;0.984;26.055;33.811;3
135;3;2.172;19.824;17.794;4.984;37.766;45.529;3
135;4;1.353;13.947;11.814;17.17;35.677;10.187;3
135;5;6.155;1.418;12.963;12.621;22.174;37.092;3
135;6;6.306;1.874;19.015;0.199;26.529;42.133;3
135;7;1.825;1.544;11.767;35.957;47.719;53.995;3
135;8;7.488;15.181;24.708;39.509;18.707;13.257;3
135;9;6.057;13.784;8.384;34.942;47.562;17.927;3
135;10;8.468;18.369;12.507;20.328;39.269;56.926;3
135;11;2.423;17.764;15.363;16.909;37.247;47.877;3
135;12;8.51;14.2;0.132;18.992;26.597;31.574;3
135;13;3.114;2.804;28.981;1.643;41.841;12.006;3
135;14;1.658;5.099;7.885;17.895;4.341;4.588;3
135;15;0.658;18.354;15.107;33.695;40.796;20.216;3
135;16;0.742;10.405;20.451;5.852;24.389;53.972;3
135;17;5.008;9.733;19.535;2.76;14.847;47.595;3
135;18;6.917;6.26;10.801;37.968;14.993;13.738;3
135;19;7.482;18.305;7.538;8.317;29.198;32.838;3
135;20;8.429;12.632;28.218;11.104;12.672;53.052;3
136;1;3.328;3.19;0.863;8.983;34.211;7.887;2
136;2;1.438;18.366;8.578;24.091;42.096;46.956;2
136;3;8.416;10.448;3.1;36.929;48.782;28.84;2
136;4;7.534;5.377;11.626;11.29;46.512;59.634;2
136;5;5.016;18.039;17.024;38.573;30.366;21.164;2
136;6;6.047;8.987;9.249;7.784;5.347;51.939;2
136;7;5.521;0.925;6.23;28.94;38.295;47.471;2
136;8;9.103;2.186;8.766;11.492;46.098;41.996;2
136;9;2.732;2.301;21.874;9.058;24.963;0.95;2
136;10;1.315;8.446;18.914;33.243;15.745;48.32;2
136;11;3.428;15.379;18.051;28.862;35.087;0.339;2
136;12;9.042;10.008;16.019;8.277;19.688;20.321;2
136;13;9.417;3.059;17.192;26.645;12.808;21.033;2
136;14;5.544;5.416;2.027;32.947;2.927;7.222;2
136;15;6.698;10.239;6.269;31.594;17.487;28.168;2
136;16;0.553;9.266;9.655;2.987;27.568;12.889;2
136;17;7.358;4.944;12.479;35.226;49.03;23.106;2
136;18;2.159;15.323;25.875;35.422;4.742;54.826;2
136;19;4.465;18.983;17.998;6.562;42.634;33.634;2
136;20;2.863;17.728;16.201;29.666;3.447;23.55;2
137;1;0.56;13.953;21.564;23.007;47.834;19.379;3
137;2;8.719;15.381;1.696;32.119;3.91;4.381;3
137;3;8.491;12.228;8.869;10.415;41.044;51.062;3
137;4;7.233;5.489;19.615;5.294;14.177;6.242;3
137;5;8.139;10.626;0.354;11.43;27.482;23.528;3
137;6;5.644;15.845;28.111;30.583;20.802;11.533;3
137;7;6.509;19.282;20.448;20.679;1.95;29.346;3
137;8;5.792;18.4;1.79;34.522;34.339;31.146;3
137;9;9.989;13.099;19.798;13.864;20.939;13.929;3
137;10;7.898;4.473;26.382;14.141;20.881;8.579;3
137;11;1.266;12.453;25.485;25.516;31.075;35.11;3
137;12;9.36;8.079;7.472;3.22;49.818;23.838;3
137;13;4.647;13.825;29.687;22.679;36.9;36.424;3
137;14;2.063;3.593;16.56;37.754;24.487;45.096;3
137;15;7.477;6.337;11.396;15.189;40.706;45.785;3
137;16;5.004;0.444;4.106;20.653;32.083;56.535;3
137;17;8.159;12.896;25.367;9.487;25.62;17.136;3
137;18;9.532;12.623;21.989;14.572;23.316;50.023;3
137;19;2.322;6.718;18.809;25.118;29.995;8.224;3
137;20;4.17;11.013;1.198;33.483;43.865;55.57;3
138;1;4.057;11.997;19.216;34.446;9.577;29.653;1
138;2;2.64;10.461;6.55;10.841;24.829;58.201;1
138;3;4.126;1.877;26.373;17.025;0.111;15.585;1
138;4;2.29;11.724;2.513;17.531;15.963;26.972;1
138;5;9.74;3.259;16.821;0.784;28.753;31.346;1
138;6;8.988;8.528;2.495;13.65;42.54;40.527;1
138;7;2.433;12.256;11.519;25.818;17.124;59.958;1
138;8;8.615;1.101;16.416;31.224;32.373;53.694;1
138;9;8.458;10.19;26.875;31.563;48.493;39.178;1
138;10;5.132;19.081;23.17;15.407;20.487;24.972;1
138;11;9.832;9.515;28.671;0.716;30.957;8.274;1
138;12;3.117;4.239;5.047;11.929;19.966;12.386;1
138;13;2.106;4.26;14.956;18.021;14.365;58.058;1
138;14;4.499;5.444;28.171;15.352;8.918;48.001;1
138;15;6.085;9.226;21.721;4.445;11.155;33.26;1
138;16;8.698;3.872;21.855;38.42;28.404;43.471;1
138;17;1.849;9.782;1.3;11.911;33.032;17.314;1
138;18;9.616;7.791;3.403;31.155;38.75;4.359;1
138;19;4.411;2.102;12.304;38.601;1.695;21.056;1
138;20;5.583;6.227;7.834;20.346;7.844;57.445;1
139;1;4.484;3.319;7.183;12.597;15.067;43.403;3
139;2;9.844;18.319;4.204;38.173;43.127;7.416;3
139;3;1.998;0.708;14.81;1.384;24.707;9.338;3
139;4;4.286;14.108;25.373;31.62;8.5;48.458;3
139;5;2.776;12.286;29.592;36.393;33.114;41.99;3
139;6;5.207;17.509;8.961;19.271;5.732;26.708;3
139;7;3.858;13.123;27.161;7.631;19.62;9.216;3
139;8;4.336;14.481;19.628;18.909;28.861;57.696;3
139;9;1.302;6.079;20.44;34.285;28.848;41.341;3
139;10;0.288;1.431;26.501;21.505;13.156;5.639;3
139;11;4.183;9.725;5.041;6.421;37.12;41.501;3
139;12;8.783;8.061;7.42;20.964;45.1;35.326;3
139;13;1.422;5.665;18.974;20.727;1.199;36.411;3
139;14;5.552;4.311;20.807;20.23;43.106;35.826;3
139;15;2.775;18.408;1.199;21.427;19.133;52.514;3
139;16;5.394;3.2;24.678;15.3;40.359;46.259;3
139;17;1.763;6.816;8.032;18.494;34.821;39.079;3
139;18;1.315;3.06;11.677;35.537;6.711;26.395;3
139;19;5.222;16.618;17.207;20.507;36.704;3.54;3
139;20;1.671;5.956;29.85;23.305;37.367;33.802;3
140;1;5.718;17.97;14.981;20.774;39.599;41.676;2
140;2;7.995;18.982;0.452;28.009;17.375;51.618;2
140;3;5.449;13.054;15.029;7.888;2.68;50.802;2
140;4;1.373;16.618;21.046;32.059;33.608;2.754;2
140;5;3.592;5.747;14.913;31.855;46.844;41.488;2
140;6;9.446;10.335;17.353;23.153;37.641;20.001;2
140;7;6.921;15.671;9.728;23.668;23.884;59.217;2
140;8;1.403;14.572;11.6;28.853;38.26;45.03;2
140;9;7.344;19.158;23.508;16.92;9.758;32.021;2
140;10;7.47;11.884;6.584;18.813;26.752;35.341;2
140;11;3.169;13.062;5.748;19.322;2.958;23.478;2
140;12;2.068;9.581;24.497;6.022;7.572;29.973;2
140;13;8.213;0.852;8.046;37.988;45.167;15.257;2
140;14;4.096;11.476;9.902;30.754;30.748;22.78;2
140;15;2.591;11.759;21.19;15.112;32.673;31.848;2
140;16;6.719;9.929;17.746;32.513;11.197;11.705;2
140;17;0.363;19.385;15.908;12.55;31.254;12.619;2
140;18;9.87;8.45;11.145;31.132;13.896;49.838;2
140;19;3.397;12.317;2.341;22.98;45.646;14.547;2
140;20;9.233;11.645;12.52;27.181;10.939;21.822;2
141;1;7.4;7.354;24.311;11.072;9.642;49.769;3
141;2;7.483;5.908;11.13;0.655;37.725;42.538;3
141;3;4.539;19.885;6.689;14.812;4.103;55.137;3
141;4;7.142;11.646;8.911;22.017;4.732;23.535;3
141;5;0.115;15.285;11.302;29.627;2.35;2.687;3
141;6;4.279;14.611;9.958;17.453;22.667;20.926;3
141;7;5.533;4.252;22.889;23.365;7.552;20.334;3
141;8;8.813;14.567;13.498;4.992;25.781;4.8;3
141;9;9.794;10.097;6.719;24.898;15.005;4.682;3
141;10;4.667;14.984;28.187;38.627;45.105;15.719;3
141;11;2.887;15.446;0.437;21.035;9.383;32.405;3
141;12;6.264;1.702;15.378;4.752;41.368;34.683;3
141;13;6.144;2.376;11.267;37.675;22.914;13.342;3
141;14;3.872;14.013;21.874;8.866;7.341;47.702;3
141;15;0.289;10.401;25.1;20.963;42.082;53.599;3
141;16;7.543;17.903;24.629;25.446;38.529;18.133;3
141;17;0.59;4.582;4.099;17.533;19.148;16.166;3
141;18;6.895;2.24;21.646;12.88;23.919;30.956;3
141;19;3.532;11.473;2.77;16.039;6.804;36.45;3
141;20;4.885;7.679;7.992;12.532;29.495;23.041;3
142;1;8.22;19.153;14.849;35.348;40.481;48.547;3
142;2;4.276;3.288;5.635;35.154;13.915;20.632;3
142;3;0.327;6.605;28.545;10.257;23.509;44.821;3
142;4;9.581;11.736;22.129;1.355;45.025;36.03;3
142;5;1.125;16.343;22.034;22.524;12.591;46.873;3
142;6;3.672;17.733;22.256;38.846;24.23;9.781;3
142;7;7.429;2.01;28.022;21.767;44.756;27.8;3
142;8;1.26;0.071;16.753;8.899;3.217;24.223;3
142;9;4.071;13.719;22.176;26.565;30.08;32.966;3
142;10;2.034;0.737;12.647;25.624;6.215;1.378;3
142;11;6.024;8.891;27.676;36.774;44.979;20.842;3
142;12;0.753;13.206;22.127;38.438;20.897;39.512;3
142;13;5.229;9.957;12.054;20.575;14.989;34.197;3
142;14;2.511;14.159;26.497;37.238;40.415;43.068;3
142;15;3.04;1.004;22.768;0.002;19.136;55.329;3
142;16;1.701;6.201;14.777;13.885;36.487;1.567;3
142;17;7.974;7.252;8.83;9.86;39.959;17.942;3
142;18;8.676;19.137;14.972;0.321;48.267;5.277;3
142;19;0.345;8.688;4.799;9.314;1.563;11.699;3
142;20;3.89;16.238;20.641;17.818;30.801;5.652;3
143;1;1.345;14.997;24.333;0.16;20.738;23.563;3
143;2;4.061;5.344;11.988;33.201;15.972;23.769;3
143;3;8.193;16.284;19.321;26.398;43.482;2.723;3
143;4;2.013;15.18;1.604;26.064;13.834;20.47;3
143;5;5.957;5.485;25.607;17.351;47.905;4.133;3
143;6;2.954;16.07;23.704;35.686;26.785;6.925;3
143;7;9.509;16.324;26.346;8.423;49.736;32.058;3
143;8;4.985;9.043;13.821;27.308;42.32;16.505;3
143;9;2.177;14.748;16.626;35.847;43.979;56.438;3
143;10;6.385;13.144;1.105;29.345;47.372;16.816;3
143;11;0.829;11.586;19.386;26.809;28.105;38.419;3
143;12;6.47;10.171;2.766;5.037;7.367;0.389;3
143;13;5.59;4.501;14.929;32.544;49.954;35.457;3
143;14;8.34;1.849;20.838;18.132;3.147;15.503;3
143;15;4.162;8.372;0.428;0.524;5.107;12.833;3
143;16;8.446;12.41;15.281;39.01;34.621;49.614;3
143;17;2.923;4.937;26.995;3.188;18.733;25.159;3
143;18;7.929;15.438;0.359;25.34;13.252;44.156;3
143;19;2.859;3.737;19.736;2.85;5.406;25.32;3
143;20;1.174;5.927;0.309;36.323;27.987;36.49;3
144;1;1.767;14.15;7.587;11.616;6.493;14.554;1
144;2;0.967;4.205;25.695;13.607;15.655;7.446;1
144;3;7.657;3.39;8.459;19.443;7.735;49.9;1
144;4;9.644;4.265;17.615;9.85;24.415;28.68;1
144;5;0.768;9.147;10.15;39.73;22.806;53.961;1
144;6;2.832;18.067;8.025;24.482;33.494;10.327;1
144;7;2.994;13.392;21.672;29.15;3.392;27.38;1
144;8;2.861;10.848;6.781;35.183;28.122;42.831;1
144;9;2.691;12.496;27.93;25.495;0.076;40.839;1
144;10;5.853;8.605;28.724;7.019;19.597;15.154;1
144;11;1.738;19.979;22.581;17.78;10.558;39.395;1
144;12;3.449;0.473;23.257;15.075;41.638;18.387;1
144;13;3.267;2.163;8.448;6.111;30.183;16.987;1
144;14;2.104;12.566;5.979;20.05;36.986;38.299;1
144;15;4.204;4.813;29.058;38.212;39.28;32.855;1
144;16;1.666;7.923;14.466;26.552;6.831;43.755;1
144;17;7.786;15.934;23.397;28.61;5.977;45.226;1
144;18;7.922;6.48;14.525;25.376;15.873;16.419;1
144;19;7.211;5.425;22.168;0.015;33.723;41.939;1
144;20;4.774;3.797;24.682;24.917;48.107;28.935;1
145;1;6.644;7.942;23.914;13.558;39.624;24.152;1
145;2;5.375;0.584;15.053;5.416;25.284;39.201;1
145;3;4.255;12.983;29.92;12.787;29.7;3.575;1
145;4;8.96;7.055;2.561;24.099;10.16;59.321;1
145;5;8.927;2.978;9.265;29.633;40.61;8.345;1
145;6;2.162;8.975;29.825;27.896;16.904;58.367;1
145;7;9.948;3.907;19.82;38.711;27.002;42.895;1
145;8;8.027;14.596;10.055;32.287;3.784;49.161;1
145;9;3.917;7.153;8.262;33.161;25.23;8.627;1
145;10;4.736;11.534;17.172;19.378;20.954;6.837;1
145;11;1.642;7.332;10.751;19.267;46.721;34.625;1
145;12;0.945;8.227;11.816;32.757;41.014;32.799;1
145;13;5.989;14.254;9.312;13.307;46.234;14.235;1
145;14;2.847;5.832;2.97;32.904;13.778;58.218;1
145;15;5.084;13.241;23.862;21.856;37.991;9.394;1
145;16;5.055;9.598;19.449;25.26;44.183;22.892;1
145;17;5.777;17.174;12.919;34.54;23.668;54.008;1
145;18;6.85;7.587;6.872;30.373;44.474;49.306;1
145;19;5.632;3.101;21.061;19.504;30.053;39.963;1
145;20;3.538;0.84;28.004;5.056;25.925;52.497;1
146;1;6.029;8.602;18.515;14.406;42.313;0.988;1
146;2;0.717;12.035;21.603;14.101;3.06;19.51;1
146;3;4.142;1.944;16.543;30.116;10.123;57.0;1
146;4;9.025;17.06;26.409;31.219;45.236;6.3;1
146;5;3.311;18.095;12.798;18.832;34.794;26.896;1
146;6;0.012;14.373;6.798;34.835;1.595;57.289;1
146;7;2.909;0.948;19.054;25.512;34.787;12.537;1
146;8;0.81;8.339;8.182;10.531;29.747;38.049;1
146;9;7.669;17.953;25.741;35.129;12.514;48.611;1
146;10;9.587;1.813;18.526;18.515;37.824;26.615;1
146;11;2.62;13.817;15.108;11.914;19.833;2.844;1
146;12;0.109;10.782;9.361;27.757;33.599;53.276;1
146;13;6.188;4.36;14.639;34.368;0.714;2.755;1
146;14;3.737;5.008;1.631;22.966;28.775;45.391;1
146;15;5.038;12.653;12.848;9.066;18.094;2.902;1
146;16;0.352;11.262;1.342;28.262;25.648;16.708;1
146;17;8.83;4.791;29.132;7.086;25.948;12.217;1
146;18;3.814;4.667;21.571;34.269;45.555;38.928;1
146;19;9.863;2.409;28.009;37.969;30.784;38.765;1
146;20;9.733;8.797;2.985;4.152;39.461;46.352;1
147;1;8.696;9.04;7.075;15.849;40.757;48.401;3
147;2;5.06;8.347;4.348;31.245;24.264;48.433;3
147;3;0.504;13.787;7.307;37.037;3.858;48.478;3
147;4;8.028;1.148;0.978;38.245;6.019;0.262;3
147;5;8.609;14.556;12.333;0.695;46.129;12.801;3
147;6;2.569;0.881;8.311;32.241;0.308;23.929;3
147;7;4.95;16.517;15.55;0.341;42.813;24.579;3
147;8;3.154;8.526;1.306;18.103;10.308;11.584;3
147;9;9.192;8.624;24.449;23.269;5.375;44.994;3
147;10;1.97;13.084;11.853;21.495;33.872;32.523;3
147;11;9.746;9.218;23.62;34.55;5.017;16.387;3
147;12;2.144;3.476;29.728;15.341;36.554;53.424;3
147;13;8.955;7.102;17.191;26.971;33.302;30.58;3
147;14;5.573;18.117;24.04;5.604;29.981;22.412;3
147;15;7.507;8.983;14.078;6.572;13.475;12.084;3
147;16;2.174;4.387;19.156;10.711;20.391;29.281;3
147;17;2.615;17.609;11.726;38.151;45.611;58.583;3
147;18;7.376;9.239;6.003;7.68;43.457;22.711;3
147;19;6.182;6.223;14.722;18.512;7.909;15.007;3
147;20;3.429;18.491;16.251;27.684;30.377;33.361;3
148;1;1.154;5.486;24.147;35.005;17.586;1.183;2
148;2;0.592;1.034;28.034;17.756;39.883;12.988;2
148;3;3.377;13.572;3.423;25.446;44.544;23.855;2
148;4;3.714;13.655;25.648;16.396;2.216;16.221;2
148;5;1.669;14.377;23.555;2.211;48.575;13.298;2
148;6;0.805;18.587;19.143;36.431;30.752;22.388;2
148;7;1.966;7.482;20.212;3.355;9.498;54.088;2
148;8;0.579;18.224;26.514;26.404;36.085;20.396;2
148;9;0.166;0.487;19.001;12.887;19.861;37.621;2
148;10;9.927;13.998;17.156;30.47;9.267;7.694;2
148;11;5.492;6.633;22.88;33.763;17.764;5.28;2
148;12;6.823;0.648;23.386;19.378;4.339;44.928;2
148;13;2.745;10.875;4.532;9.624;48.89;26.511;2
148;14;3.173;2.183;21.454;24.818;4.394;11.299;2
148;15;7.455;11.078;9.396;2.393;20.985;46.725;2
148;16;7.945;16.651;27.346;5.392;25.507;27.368;2
148;17;8.113;5.886;14.662;17.224;24.916;55.65;2
148;18;6.18;4.391;18.323;7.153;10.922;52.291;2
148;19;6.274;9.019;15.755;23.134;46.478;37.272;2
148;20;9.295;0.122;2.902;23.706;47.781;31.206;2
149;1;6.677;0.504;16.446;8.434;38.132;36.675;2
149;2;7.998;15.267;26.159;36.984;49.78;12.094;2
149;3;0.691;0.305;6.835;37.096;28.856;11.675;2
149;4;8.765;4.28;9.42;10.386;6.244;10.308;2
149;5;4.607;15.817;23.859;19.68;2.909;15.388;2
149;6;9.452;13.684;15.503;20.252;29.855;16.837;2
149;7;2.807;16.275;22.318;18.289;46.421;24.415;2
149;8;8.342;5.993;2.314;34.522;48.858;54.756;2
149;9;3.293;10.202;25.263;38.588;8.333;21.034;2
149;10;6.391;2.905;9.93;5.525;9.844;50.604;2
149;11;4.293;11.534;23.009;31.162;34.715;47.451;2
149;12;7.97;14.955;28.96;12.495;38.033;11.11;2
149;13;8.52;6.627;15.735;7.716;12.36;36.178;2
149;14;5.804;14.265;19.906;28.658;20.285;56.157;2
149;15;9.151;18.977;13.178;18.451;24.265;49.092;2
149;16;7.113;8.327;25.137;12.369;45.98;48.871;2
149;17;1.664;0.964;20.804;13.469;8.342;14.186;2
149;18;6.929;17.383;27.236;16.032;20.891;47.919;2
149;19;3.067;3.161;15.237;37.986;29.157;42.561;2
149;20;8.488;17.781;23.553;13.936;42.244;7.217;2
150;1;6.75;3.015;22.934;34.09;22.26;37.178;3
150;2;1.468;16.871;3.071;13.837;38.117;4.138;3
150;3;2.124;6.562;1.46;23.049;33.113;0.077;3
150;4;7.299;4.813;0.432;16.638;29.776;15.119;3
150;5;7.707;18.487;1.185;34.789;7.418;20.939;3
150;6;7.146;15.893;11.758;16.076;14.396;45.322;3
150;7;9.156;14.98;11.61;9.68;40.366;5.588;3
150;8;6.867;12.14;15.254;15.008;37.775;24.952;3
150;9;4.316;7.827;17.898;26.686;13.147;21.544;3
150;10;5.7;4.583;12.385;24.098;41.589;49.59;3
150;11;6.542;3.873;0.623;38.289;47.316;42.707;3
150;12;7.507;15.258;15.466;31.224;20.904;8.992;3
150;13;2.559;6.406;20.431;21.914;21.702;30.118;3
150;14;9.219;7.671;24.17;24.819;25.676;9.879;3
150;15;0.34;5.392;5.217;36.91;24.772;48.132;3
150;16;2.429;17.894;0.652;16.075;11.309;48.942;3
150;17;0.861;3.902;14.495;8.433;28.156;36.068;3
150;18;5.758;18.414;22.423;33.491;46.953;19.237;3
150;19;9.974;3.82;14.841;3.628;32.262;3.691;3
150;20;6.095;19.913;1.07;12.767;28.621;37.479;3
151;1;4.756;8.626;0.608;35.939;41.3;33.179;1
151;2;9.154;0.614;16.297;2.801;11.932;53.172;1
151;3;4.115;16.901;2.375;22.09;22.603;18.747;1
151;4;4.415;8.873;14.459;15.203;30.883;44.152;1
151;5;9.32;7.729;10.631;3.371;15.46;2.375;1
151;6;0.352;0.24;29.528;22.014;14.067;2.26;1
151;7;1.486;13.966;8.141;4.366;16.162;2.289;1
151;8;0.37;14.574;17.896;24.171;34.2;45.642;1
151;9;4.801;19.478;5.171;1.59;22.822;56.935;1
151;10;0.142;8.442;10.415;27.243;12.294;6.309;1
151;11;5.158;11.332;4.023;9.898;7.846;46.919;1
151;12;9.038;12.183;5.791;37.185;3.422;5.116;1
151;13;1.069;6.853;25.589;29.622;19.182;57.957;1
151;14;5.224;1.541;6.386;25.818;2.384;11.978;1
151;15;2.204;1.095;26.814;2.704;28.199;48.411;1
151;16;5.216;9.539;18.341;12.386;8.824;1.883;1
151;17;2.52;3.802;18.228;22.371;13.733;4.413;1
151;18;7.757;16.211;0.315;5.847;27.38;1.421;1
151;19;8.002;18.333;12.951;18.494;31.666;33.615;1
151;20;4.609;18.866;28.12;25.979;38.109;0.261;1
152;1;0.299;8.152;22.551;29.264;49.827;51.819;1
152;2;9.879;11.396;18.487;32.634;16.173;33.604;1
152;3;8.118;15.198;25.374;25.525;33.056;44.977;1
152;4;2.284;0.052;18.744;15.899;7.345;48.912;1
152;5;2.421;0.566;3.152;6.05;19.016;51.573;1
152;6;6.382;12.914;18.465;34.067;21.316;5.333;1
152;7;9.839;7.081;4.338;22.928;11.759;22.273;1
152;8;6.801;7.498;18.227;25.379;4.539;27.993;1
152;9;0.412;4.922;21.237;30.342;44.439;35.658;1
152;10;3.876;12.688;4.345;39.526;1.403;36.961;1
152;11;2.853;12.181;22.672;4.71;20.65;29.658;1
152;12;0.163;17.833;28.939;18.541;5.678;51.44;1
152;13;2.276;3.112;22.689;20.008;7.654;5.443;1
152;14;7.869;16.601;19.43;13.091;21.379;47.66;1
152;15;2.139;19.584;15.229;30.143;6.823;8.624;1
152;16;4.808;12.444;0.862;15.721;41.552;20.193;1
152;17;2.94;2.823;17.362;5.479;15.504;16.405;1
152;18;6.798;1.294;17.909;37.634;27.402;34.498;1
152;19;9.559;11.228;19.98;16.799;9.16;36.198;1
152;20;5.166;18.805;3.821;14.224;33.739;3.834;1
153;1;9.727;9.159;3.732;1.446;26.557;8.718;2
153;2;4.164;12.486;7.16;38.843;49.074;55.579;2
153;3;2.475;15.594;22.084;2.171;36.392;49.388;2
153;4;0.84;16.418;6.905;24.047;11.132;6.005;2
153;5;8.509;0.782;3.262;30.747;34.54;17.257;2
153;6;1.335;15.813;23.845;24.019;33.135;44.366;2
153;7;5.272;15.96;0.428;24.925;3.417;29.511;2
153;8;9.432;7.947;10.304;30.719;21.355;15.911;2
153;9;4.005;6.532;13.835;23.472;30.412;10.353;2
153;10;5.407;15.777;21.317;2.136;9.54;41.05;2
153;11;1.342;0.934;15.947;8.923;44.178;0.245;2
153;12;3.171;6.157;5.074;3.108;33.924;29.543;2
153;13;8.012;16.298;2.352;27.379;19.481;40.652;2
153;14;0.352;4.037;19.244;17.953;31.252;27.158;2
153;15;4.034;18.243;10.173;36.491;14.583;22.194;2
153;16;3.966;4.613;29.535;11.112;35.043;14.353;2
153;17;3.695;7.257;20.524;5.011;5.343;35.439;2
153;18;7.249;10.982;8.37;16.79;4.68;11.39;2
153;19;0.678;16.019;17.161;32.756;44.773;19.06;2
153;20;6.48;18.709;2.474;32.617;40.968;42.158;2
154;1;0.627;16.736;22.14;26.955;33.525;45.28;3
154;2;9.794;16.471;10.935;33.203;8.344;33.062;3
154;3;0.784;12.226;20.941;26.9;15.778;26.104;3
154;4;1.059;8.665;26.84;8.622;6.017;13.641;3
154;5;4.69;7.88;25.214;17.404;38.508;7.362;3
154;6;5.442;0.184;18.535;13.822;32.98;37.584;3
154;7;6.962;17.439;5.26;38.865;43.463;37.504;3
154;8;8.298;10.805;0.249;16.155;13.134;37.429;3
154;9;1.981;8.136;4.084;6.075;47.756;24.598;3
154;10;6.597;17.687;16.43;38.961;32.93;25.476;3
154;11;9.735;5.418;0.701;23.592;22.877;40.259;3
154;12;1.478;0.95;2.042;11.539;16.098;7.402;3
154;13;4.192;18.0;18.98;24.165;8.348;33.484;3
154;14;7.44;6.698;25.882;6.196;16.591;54.479;3
154;15;6.878;1.305;6.624;35.241;8.86;25.293;3
154;16;5.914;3.561;4.622;13.776;46.276;49.126;3
154;17;7.074;0.145;25.521;18.664;47.995;15.97;3
154;18;3.795;13.593;24.235;30.693;39.169;17.193;3
154;19;6.303;4.76;0.56;9.867;3.371;10.48;3
154;20;6.666;9.424;19.584;8.0;41.553;29.661;3
155;1;1.816;18.485;1.809;8.093;38.774;2.589;3
155;2;4.403;11.909;12.866;11.623;15.621;54.918;3
155;3;7.382;16.001;0.494;13.946;26.405;38.12;3
155;4;3.969;18.111;23.902;29.919;33.845;50.151;3
155;5;8.943;13.836;24.408;39.298;43.319;56.688;3
155;6;0.269;11.153;5.163;7.105;29.602;0.927;3
155;7;7.806;0.25;14.915;39.698;11.331;30.817;3
155;8;8.292;19.245;26.149;10.528;19.769;2.898;3
155;9;4.06;3.067;29.747;37.525;45.01;18.752;3
155;10;0.731;15.137;5.681;5.242;43.812;22.706;3
155;11;1.158;14.271;0.197;34.036;29.792;9.711;3
155;12;2.448;4.857;11.483;0.726;31.885;1.851;3
155;13;0.549;2.683;4.792;21.43;41.231;43.028;3
155;14;0.156;18.374;27.701;39.58;32.091;8.091;3
155;15;7.231;9.131;5.447;12.842;7.605;55.898;3
155;16;7.97;10.429;2.875;20.332;34.818;36.839;3
155;17;2.782;13.19;8.842;2.082;31.885;12.955;3
155;18;6.207;18.622;3.28;23.199;1.433;53.506;3
155;19;9.501;19.722;19.524;1.813;27.064;11.809;3
155;20;5.849;5.448;14.591;38.864;43.584;15.556;3
156;1;4.919;2.087;3.903;11.617;33.642;10.23;3
156;2;5.992;19.897;3.846;13.327;28.047;26.685;3
156;3;4.423;10.304;11.045;24.115;15.658;14.206;3
156;4;9.415;7.189;12.12;14.008;31.308;5.72;3
156;5;7.623;14.083;1.935;27.495;8.719;48.825;3
156;6;3.712;3.887;7.865;33.797;33.755;28.35;3
156;7;3.595;19.819;25.097;25.354;5.941;36.189;3
156;8;8.742;3.961;28.18;12.433;5.324;46.792;3
156;9;2.262;11.312;19.709;23.781;32.694;8.643;3
156;10;4.493;1.533;15.003;34.967;49.485;42.754;3
156;11;8.347;14.202;7.466;29.214;34.969;24.838;3
156;12;7.653;2.562;15.237;31.07;47.104;29.979;3
156;13;2.605;15.569;12.316;22.664;37.221;50.779;3
156;14;2.687;14.555;27.596;36.102;23.12;26.861;3
156;15;0.891;18.447;5.562;32.651;17.826;0.667;3
156;16;1.504;13.874;23.198;34.387;1.982;52.167;3
156;17;8.554;2.318;13.457;38.229;1.334;21.841;3
156;18;3.721;6.726;12.893;13.681;33.94;0.675;3
156;19;9.015;15.821;3.601;19.452;7.056;55.515;3
156;20;4.474;3.943;28.14;10.732;42.509;17.18;3
157;1;3.649;8.636;18.432;36.215;49.348;37.654;2
157;2;6.615;16.109;17.205;37.105;10.456;47.624;2
157;3;5.227;5.212;7.771;4.621;19.55;1.386;2
157;4;7.659;2.765;18.61;10.363;49.466;19.626;2
157;5;1.573;3.075;8.804;4.617;5.265;0.931;2
157;6;4.381;14.308;21.139;7.626;37.791;5.381;2
157;7;7.961;4.008;5.151;9.055;23.562;55.084;2
157;8;4.126;3.703;23.614;38.683;36.138;29.427;2
157;9;4.936;1.794;12.067;24.148;19.315;23.465;2
157;10;1.853;7.309;29.695;23.677;6.68;20.902;2
157;11;7.128;5.757;10.648;13.59;1.262;42.944;2
157;12;9.889;0.054;26.002;35.261;31.585;30.092;2
157;13;4.798;10.829;24.452;20.37;37.974;0.431;2
157;14;2.872;12.493;18.751;32.456;30.106;51.578;2
157;15;6.142;4.505;16.953;14.177;19.695;2.99;2
157;16;6.336;16.945;14.84;27.507;40.224;57.362;2
157;17;3.281;10.205;26.073;4.509;48.38;33.118;2
157;18;7.171;12.572;18.015;12.34;45.561;30.939;2
157;19;7.31;8.332;9.975;8.357;45.886;8.247;2
157;20;8.416;11.807;26.389;36.518;18.86;36.155;2
158;1;2.173;17.959;12.991;30.434;31.014;58.062;1
158;2;8.669;18.42;19.346;25.066;40.733;41.482;1
158;3;1.341;14.092;7.131;13.469;18.934;42.722;1
158;4;9.48;8.583;12.064;18.089;5.072;7.574;1
158;5;3.498;18.334;16.848;30.747;38.899;59.254;1
158;6;6.763;17.662;24.742;21.791;28.434;45.49;1
158;7;0.805;13.478;17.159;37.97;45.355;17.613;1
158;8;9.421;17.866;21.623;39.759;37.831;39.877;1
158;9;3.978;16.541;21.807;11.709;20.145;40.542;1
158;10;2.925;5.986;15.134;11.805;6.835;23.295;1
158;11;2.906;17.982;25.823;13.848;28.277;43.927;1
158;12;8.413;4.767;3.341;29.427;46.116;24.239;1
158;13;9.86;0.475;18.695;28.722;44.681;0.893;1
158;14;2.862;0.813;10.583;3.887;15.35;59.683;1
158;15;8.316;16.735;18.09;2.505;5.634;57.044;1
158;16;5.815;18.41;9.925;10.766;32.147;55.291;1
158;17;5.982;8.627;12.309;30.012;20.362;50.25;1
158;18;2.38;9.558;6.0;38.744;32.146;2.782;1
158;19;3.692;18.64;15.163;27.825;17.686;44.078;1
158;20;2.904;9.964;14.072;20.099;34.672;45.504;1
159;1;5.718;4.984;0.371;37.108;10.627;36.713;3
159;2;1.673;19.707;8.608;2.28;31.96;19.388;3
159;3;4.638;9.057;25.128;14.179;37.902;50.718;3
159;4;3.406;14.737;19.937;37.938;37.842;15.745;3
159;5;4.181;12.425;0.271;2.343;29.025;6.049;3
159;6;9.063;0.745;15.383;19.014;11.634;37.014;3
159;7;8.923;15.374;9.75;30.696;22.897;34.256;3
159;8;8.443;3.127;11.902;17.466;29.357;48.891;3
159;9;7.197;1.977;10.097;29.44;0.255;54.311;3
159;10;6.34;8.95;1.474;22.437;13.543;33.475;3
159;11;3.533;5.681;28.738;15.293;40.64;47.574;3
159;12;3.858;5.5;29.65;39.873;10.721;9.138;3
159;13;5.464;17.148;27.503;34.326;48.401;19.226;3
159;14;6.393;12.296;0.738;30.209;15.998;17.023;3
159;15;8.846;13.28;2.988;31.327;4.354;21.3;3
159;16;1.447;18.106;17.699;0.597;33.885;16.346;3
159;17;8.08;12.319;21.228;2.891;20.734;55.753;3
159;18;4.701;9.545;20.135;22.849;29.617;29.478;3
159;19;5.547;2.724;2.288;3.574;41.788;58.813;3
159;20;4.377;12.072;26.68;31.998;16.764;27.772;3
160;1;0.85;17.385;21.096;17.492;42.614;34.146;1
160;2;5.753;10.067;22.169;35.401;39.291;31.336;1
160;3;9.122;15.662;10.582;14.96;13.438;11.573;1
160;4;4.127;10.528;5.655;21.099;32.508;49.257;1
160;5;8.298;6.516;12.777;8.45;10.443;2.492;1
160;6;7.315;7.091;13.172;5.327;13.519;9.19;1
160;7;3.651;8.28;10.773;2.985;8.016;29.769;1
160;8;1.764;17.723;13.35;0.754;37.572;3.827;1
160;9;9.62;10.557;9.499;7.036;46.168;41.188;1
160;10;9.036;10.442;22.605;11.612;5.929;27.718;1
160;11;7.649;12.79;6.477;8.706;21.729;19.298;1
160;12;3.995;4.246;9.398;30.497;1.141;43.827;1
160;13;6.947;17.173;11.33;30.537;13.774;14.786;1
160;14;7.997;2.83;10.564;14.564;0.482;9.279;1
160;15;5.874;4.979;13.249;13.436;30.173;51.315;1
160;16;4.573;18.083;25.003;15.854;27.707;22.373;1
160;17;6.77;7.739;1.09;22.189;4.292;27.112;1
160;18;8.246;11.501;29.017;28.668;8.911;6.054;1
160;19;2.272;14.428;17.544;33.666;44.523;32.893;1
160;20;5.309;10.341;21.594;27.4;7.378;12.274;1
161;1;2.507;9.757;15.281;24.543;0.248;48.565;1
161;2;5.198;0.048;14.003;19.493;44.843;22.076;1
161;3;4.125;2.51;2.375;24.354;13.755;40.531;1
161;4;0.483;19.252;6.622;29.344;24.327;28.882;1
161;5;0.299;4.801;23.143;29.051;12.295;12.479;1
161;6;9.738;14.713;29.827;16.29;22.969;10.665;1
161;7;0.599;6.583;9.433;10.876;44.119;13.696;1
161;8;0.554;12.787;13.069;21.504;7.701;35.629;1
161;9;1.477;2.935;6.206;16.78;15.111;56.035;1
161;10;3.114;5.697;22.162;35.455;45.781;24.021;1
161;11;0.681;6.026;8.276;39.417;40.687;11.389;1
161;12;0.409;12.857;9.725;1.844;15.057;11.642;1
161;13;4.962;19.769;29.538;21.104;8.975;48.901;1
161;14;3.882;11.711;10.096;22.605;15.271;31.293;1
161;15;1.507;17.25;2.079;0.144;23.126;41.799;1
161;16;2.114;9.765;2.743;16.006;42.245;55.701;1
161;17;9.338;2.072;18.004;38.283;38.783;25.8;1
161;18;4.043;10.088;23.217;26.464;31.489;50.042;1
161;19;1.677;10.005;1.809;29.625;29.541;12.644;1
161;20;7.348;1.879;12.011;17.983;19.893;7.597;1
162;1;8.008;15.263;13.688;12.513;3.097;14.406;2
162;2;4.383;0.393;3.942;12.941;47.442;27.792;2
162;3;2.26;7.29;15.314;23.829;35.49;37.198;2
162;4;1.487;18.823;8.585;10.626;7.067;1.154;2
162;5;8.821;13.704;27.363;15.754;44.511;20.623;2
162;6;8.322;9.081;5.213;23.144;45.654;39.854;2
162;7;0.51;13.226;10.597;39.156;2.803;4.1;2
162;8;2.921;11.397;16.326;5.613;13.588;5.777;2
162;9;7.929;3.644;12.418;17.26;7.06;16.039;2
162;10;1.509;7.554;19.812;30.724;23.845;41.652;2
162;11;2.588;16.394;25.22;34.878;44.115;12.276;2
162;12;9.408;19.975;29.388;12.557;10.371;7.421;2
162;13;7.389;5.399;10.955;5.817;42.912;18.786;2
162;14;4.284;17.258;20.553;1.208;8.66;9.98;2
162;15;0.084;16.719;12.744;3.605;32.943;20.109;2
162;16;3.973;19.904;26.708;21.457;42.419;42.243;2
162;17;7.821;14.853;8.765;28.262;0.147;9.408;2
162;18;8.531;11.642;1.435;38.144;18.26;1.698;2
162;19;6.945;6.992;1.138;24.146;4.768;22.411;2
162;20;1.982;15.625;14.502;0.871;28.828;4.467;2
163;1;3.907;18.308;7.407;21.515;3.842;42.619;1
163;2;4.322;5.715;24.514;23.01;11.479;20.8;1
163;3;0.958;13.059;9.456;7.815;38.773;21.168;1
163;4;8.07;19.348;14.241;39.402;46.109;27.661;1
163;5;5.218;10.216;16.289;16.636;0.822;23.039;1
163;6;7.444;14.963;27.933;8.943;10.01;59.411;1
163;7;5.338;12.176;10.864;2.676;37.275;23.001;1
163;8;1.343;18.81;28.919;17.561;27.295;38.177;1
163;9;6.845;10.314;23.402;8.387;30.569;14.909;1
163;10;0.477;18.633;5.788;30.815;37.294;8.525;1
163;11;7.998;5.17;27.214;34.515;29.087;56.07;1
163;12;6.251;1.711;17.432;7.708;33.705;59.161;1
163;13;1.301;14.233;26.391;11.448;7.536;14.364;1
163;14;4.476;2.476;10.67;5.761;19.995;55.648;1
163;15;5.614;7.159;1.958;20.261;0.636;28.213;1
163;16;8.732;16.021;8.019;33.955;28.419;24.778;1
163;17;4.855;1.001;28.397;3.571;7.212;6.488;1
163;18;8.237;1.668;20.996;15.706;35.749;13.048;1
163;19;1.565;18.643;27.502;34.165;14.222;16.873;1
163;20;0.924;6.633;19.856;8.893;0.993;52.408;1
164;1;7.715;12.892;10.637;27.976;13.883;46.663;3
164;2;9.545;18.522;11.761;34.111;34.438;33.557;3
164;3;0.703;16.894;18.639;31.697;22.656;34.194;3
164;4;0.905;9.545;24.593;28.558;4.959;31.121;3
164;5;7.962;16.912;12.788;3.033;11.627;1.148;3
164;6;9.953;5.08;17.729;18.821;47.32;10.466;3
164;7;5.875;17.756;8.384;35.327;29.762;31.93;3
164;8;6.778;4.685;12.819;13.573;36.559;59.924;3
164;9;0.824;13.833;9.339;14.894;21.248;57.401;3
164;10;6.645;12.084;23.015;14.814;28.535;52.841;3
164;11;3.516;6.037;18.322;30.58;23.792;50.855;3
164;12;3.299;14.619;15.956;7.218;22.56;47.682;3
164;13;6.888;11.23;1.429;31.547;9.687;14.776;3
164;14;7.541;12.323;7.12;4.806;15.89;17.851;3
164;15;5.048;18.04;28.343;37.633;30.028;29.627;3
164;16;5.697;10.034;7.708;24.031;18.125;3.345;3
164;17;6.133;3.254;15.867;1.361;38.427;28.664;3
164;18;6.459;6.842;2.94;31.686;19.727;45.497;3
164;19;6.355;2.901;6.501;23.249;47.468;7.118;3
164;20;7.479;0.087;29.184;21.902;47.593;13.741;3
165;1;5.097;18.507;27.18;30.879;42.193;20.638;1
165;2;2.694;10.644;0.153;30.176;23.06;12.737;1
165;3;4.723;4.069;7.095;26.284;43.662;1.924;1
165;4;2.486;16.522;10.816;16.87;45.192;14.168;1
165;5;5.707;0.809;3.63;1.841;30.55;39.054;1
165;6;9.126;10.521;26.904;28.716;10.337;34.217;1
165;7;2.43;17.291;29.911;29.844;37.835;9.983;1
165;8;5.528;12.382;16.368;13.98;31.2;15.072;1
165;9;9.795;7.431;21.606;38.308;29.349;10.582;1
165;10;0.554;1.999;25.47;20.218;26.597;47.557;1
165;11;0.718;2.67;27.829;26.445;25.952;33.458;1
165;12;5.392;16.134;29.752;1.053;28.272;1.657;1
165;13;9.971;17.303;11.453;9.579;0.437;14.526;1
165;14;6.207;18.428;9.852;20.511;17.891;12.973;1
165;15;2.099;16.391;6.642;34.914;41.152;55.447;1
165;16;9.202;17.141;11.622;31.402;7.532;26.306;1
165;17;5.332;17.601;23.269;12.594;9.996;11.736;1
165;18;6.98;5.813;16.891;11.784;45.23;26.216;1
165;19;6.8;13.334;26.83;8.928;31.978;8.115;1
165;20;1.194;14.888;14.795;31.169;3.658;14.127;1
166;1;6.004;14.061;29.694;15.082;3.618;38.962;3
166;2;2.159;2.916;27.372;1.626;13.892;6.531;3
166;3;0.547;1.567;5.031;23.004;31.005;32.585;3
166;4;3.074;1.812;23.177;2.106;44.32;5.315;3
166;5;5.977;13.56;10.101;21.801;45.673;24.443;3
166;6;9.374;6.344;17.021;26.725;27.066;0.991;3
166;7;5.722;11.783;19.31;11.651;9.251;21.698;3
166;8;8.813;2.736;0.433;20.817;46.633;0.626;3
166;9;7.261;0.753;0.638;30.927;37.467;11.477;3
166;10;4.357;12.529;19.717;29.988;41.213;18.443;3
166;11;9.043;17.461;7.016;7.013;14.682;4.048;3
166;12;3.101;10.182;4.571;22.797;39.883;54.853;3
166;13;1.472;15.248;14.246;33.44;22.427;3.186;3
166;14;4.97;13.43;28.411;11.488;3.438;53.989;3
166;15;0.196;9.262;0.222;34.489;24.458;32.838;3
166;16;4.657;2.171;25.526;25.142;22.822;20.031;3
166;17;1.148;11.979;4.948;20.438;23.757;40.249;3
166;18;8.204;13.247;3.643;35.314;3.865;21.013;3
166;19;6.884;13.711;27.439;10.321;25.939;17.45;3
166;20;3.217;8.882;0.351;1.308;11.617;4.674;3
167;1;1.95;2.72;8.039;28.276;11.131;50.692;1
167;2;5.083;10.52;4.814;3.294;34.713;22.606;1
167;3;5.403;16.842;4.204;12.018;46.261;57.999;1
167;4;7.72;3.523;10.051;4.803;48.073;49.873;1
167;5;5.391;18.443;21.533;27.728;34.614;32.027;1
167;6;6.731;8.208;18.045;4.389;32.338;48.774;1
167;7;5.046;0.821;10.248;14.944;48.412;39.788;1
167;8;5.02;12.207;1.797;4.484;25.432;6.369;1
167;9;0.975;12.731;19.051;2.278;35.471;50.489;1
167;10;6.751;19.082;18.198;29.671;1.902;43.231;1
167;11;8.34;12.519;19.689;27.179;1.928;16.555;1
167;12;0.509;11.131;2.293;34.895;30.142;40.58;1
167;13;3.023;14.107;18.421;25.173;4.707;36.677;1
167;14;3.575;8.039;0.937;18.157;32.671;54.905;1
167;15;3.361;11.148;29.156;2.523;29.614;54.122;1
167;16;1.062;16.732;19.523;3.623;22.233;15.022;1
167;17;9.132;11.972;0.082;18.443;26.021;12.334;1
167;18;0.136;13.999;19.811;29.643;48.427;52.139;1
167;19;4.091;15.82;20.253;38.98;8.008;15.425;1
167;20;8.915;17.571;13.909;36.189;15.957;33.259;1
168;1;9.333;14.86;17.2;23.759;20.678;40.348;2
168;2;3.556;11.794;4.947;18.905;12.31;42.384;2
168;3;5.56;8.284;29.958;33.352;25.032;16.654;2
168;4;8.932;6.37;26.597;30.649;3.173;41.478;2
168;5;3.629;15.193;27.003;23.386;19.013;45.43;2
168;6;3.003;14.992;1.665;15.391;36.618;22.932;2
168;7;9.351;13.608;28.93;7.97;10.062;6.674;2
168;8;5.418;8.567;20.149;22.695;45.233;24.913;2
168;9;8.364;18.987;16.46;33.04;6.893;37.656;2
168;10;6.661;16.36;12.752;26.298;45.418;3.776;2
168;11;9.185;19.846;5.063;25.406;24.297;36.484;2
168;12;5.497;2.324;6.25;30.214;7.264;26.036;2
168;13;9.978;5.304;17.573;13.77;7.73;12.339;2
168;14;0.237;19.121;11.993;38.193;32.713;19.896;2
168;15;4.388;5.095;14.113;16.75;24.18;5.349;2
168;16;4.982;15.194;11.396;31.239;35.003;16.333;2
168;17;0.02;3.549;24.777;13.599;43.601;46.977;2
168;18;0.099;0.943;25.895;16.706;43.655;24.85;2
168;19;5.09;4.464;5.744;14.301;9.157;6.71;2
168;20;9.134;15.276;4.262;15.469;13.863;1.208;2
169;1;0.925;1.591;21.228;38.1;33.012;19.838;3
169;2;9.462;13.284;23.402;22.897;7.807;20.651;3
169;3;5.428;5.177;8.529;7.654;16.569;58.914;3
169;4;9.83;18.262;14.141;2.227;0.905;6.461;3
169;5;7.541;3.807;23.444;5.874;45.916;48.204;3
169;6;4.539;15.195;8.683;36.723;31.747;45.865;3
169;7;9.429;18.11;18.823;8.205;5.804;26.281;3
169;8;7.111;15.646;26.498;38.634;24.3;33.262;3
169;9;2.324;1.742;25.579;0.693;25.369;57.03;3
169;10;5.014;1.623;5.073;20.612;23.534;55.375;3
169;11;0.922;4.827;9.445;25.024;0.717;36.107;3
169;12;7.822;5.098;25.366;2.117;0.7;20.267;3
169;13;7.877;17.858;17.206;13.503;49.035;21.61;3
169;14;6.942;9.508;13.116;25.689;16.42;46.113;3
169;15;8.855;3.549;21.622;3.104;14.936;48.768;3
169;16;8.123;7.797;5.448;22.907;20.849;14.954;3
169;17;5.105;6.821;3.342;4.813;21.082;19.633;3
169;18;5.682;10.373;25.865;23.199;1.008;44.765;3
169;19;9.513;3.829;15.472;31.923;40.009;48.826;3
169;20;5.286;17.697;12.391;17.001;25.694;23.288;3
170;1;9.512;5.963;20.068;27.362;29.866;49.931;1
170;2;7.383;6.156;14.373;7.523;5.012;45.825;1
170;3;9.683;18.411;6.571;20.438;20.173;41.577;1
170;4;2.446;7.19;17.339;22.312;6.336;12.539;1
170;5;2.434;0.167;10.319;29.261;6.38;36.994;1
170;6;8.374;10.911;21.795;15.324;42.606;53.61;1
170;7;4.716;14.888;3.484;11.968;4.597;21.905;1
170;8;6.827;8.595;6.169;1.666;33.855;8.0;1
170;9;0.769;16.051;11.581;13.007;1.365;27.276;1
170;10;5.47;7.441;8.539;3.616;38.774;59.144;1
170;11;3.383;18.047;6.572;25.685;21.823;41.373;1
170;12;5.155;18.624;9.69;12.525;7.583;36.325;1
170;13;6.139;0.66;20.755;39.468;17.542;21.646;1
170;14;9.316;18.539;22.935;12.812;23.111;42.5;1
170;15;5.798;8.565;1.415;36.593;7.189;3.996;1
170;16;5.097;18.581;15.383;21.206;23.72;10.372;1
170;17;0.032;11.853;17.802;20.166;49.851;2.311;1
170;18;1.782;6.658;22.363;29.812;30.743;8.766;1
170;19;3.009;19.424;16.526;4.724;35.056;24.524;1
170;20;2.212;18.763;3.082;6.401;16.799;47.387;1
171;1;6.496;17.607;20.251;31.828;28.44;54.755;1
171;2;1.758;5.375;22.972;29.595;1.169;26.893;1
171;3;5.269;10.4;19.737;29.937;15.884;22.855;1
171;4;9.541;14.322;21.858;12.399;26.593;14.049;1
171;5;7.42;11.464;16.735;34.969;17.669;24.73;1
171;6;1.381;10.667;12.434;6.024;7.553;9.739;1
171;7;5.62;6.551;14.196;38.038;24.256;37.636;1
171;8;2.9;10.96;15.65;32.669;28.244;51.164;1
171;9;7.695;2.129;13.166;9.602;48.793;59.317;1
171;10;4.393;3.139;5.638;21.179;11.093;4.213;1
171;11;5.758;8.189;19.772;6.253;27.844;45.643;1
171;12;0.543;19.782;24.916;39.476;48.375;24.239;1
171;13;7.285;0.404;15.198;30.994;18.024;45.347;1
171;14;7.198;13.341;3.582;9.67;36.15;9.888;1
171;15;2.775;5.497;16.755;29.099;35.228;32.626;1
171;16;3.351;14.045;2.883;37.614;28.722;42.877;1
171;17;6.774;9.075;10.215;1.629;40.449;41.264;1
171;18;1.54;1.02;5.585;20.706;19.77;35.3;1
171;19;2.708;17.553;11.755;13.706;2.405;50.046;1
171;20;2.906;14.38;18.111;25.576;44.966;1.43;1
172;1;8.284;11.094;29.8;37.751;35.127;57.696;1
172;2;4.46;8.748;7.82;24.741;33.797;52.872;1
172;3;9.968;18.801;21.089;31.83;26.777;54.684;1
172;4;5.946;19.659;19.177;7.75;24.269;16.891;1
172;5;2.156;15.797;14.624;33.275;48.229;45.693;1
172;6;6.09;12.858;17.96;13.771;29.714;41.345;1
172;7;9.872;13.835;17.038;11.745;49.327;45.678;1
172;8;2.798;6.142;6.396;12.585;26.967;44.976;1
172;9;7.43;8.29;21.543;13.525;12.314;8.114;1
172;10;4.763;17.948;15.253;25.956;31.692;3.25;1
172;11;2.243;16.576;27.188;26.743;23.887;1.953;1
172;12;5.267;19.041;14.174;38.859;18.418;2.42;1
172;13;1.845;16.978;15.155;24.088;39.164;56.598;1
172;14;1.494;8.249;25.454;16.85;15.958;26.036;1
172;15;1.229;18.998;12.757;24.383;19.458;47.883;1
172;16;7.24;17.174;20.387;39.864;21.423;27.004;1
172;17;8.659;16.199;20.829;5.261;22.724;34.799;1
172;18;7.487;11.152;15.833;28.967;1.234;18.354;1
172;19;9.469;0.12;12.986;8.973;34.38;56.867;1
172;20;4.191;14.254;29.052;26.448;42.208;42.947;1
173;1;3.275;5.859;17.993;7.47;16.231;12.637;1
173;2;8.317;4.89;6.074;32.903;9.708;23.655;1
173;3;1.984;19.873;18.655;33.125;43.486;20.847;1
173;4;8.428;2.543;14.723;21.594;14.096;18.234;1
173;5;2.616;17.874;21.209;29.307;9.476;21.496;1
173;6;5.472;12.868;16.775;27.421;0.195;58.521;1
173;7;5.171;6.187;23.986;19.819;10.344;10.799;1
173;8;4.228;8.122;20.082;16.635;12.101;12.311;1
173;9;7.569;1.711;23.1;12.827;19.687;26.805;1
173;10;4.948;13.659;27.442;39.623;49.016;49.615;1
173;11;4.848;18.206;21.07;17.63;20.357;7.651;1
173;12;7.077;16.318;3.808;11.018;9.269;16.554;1
173;13;0.82;1.143;10.573;15.087;5.996;55.387;1
173;14;6.535;14.545;16.489;12.93;31.472;27.794;1
173;15;4.988;19.397;23.696;7.3;13.54;26.16;1
173;16;1.893;8.146;14.079;7.066;12.019;0.231;1
173;17;6.994;19.376;16.519;0.879;13.651;56.909;1
173;18;0.646;5.33;1.044;39.853;13.277;4.968;1
173;19;8.412;11.874;13.31;16.008;10.608;11.533;1
173;20;1.931;19.439;28.35;22.045;4.906;20.436;1
174;1;0.795;17.265;22.167;1.907;13.544;22.449;2
174;2;7.287;4.191;9.931;9.342;20.758;3.519;2
174;3;7.881;7.409;22.418;6.881;18.615;26.909;2
174;4;2.832;17.613;5.443;6.395;3.285;48.196;2
174;5;5.794;2.407;9.346;3.266;47.864;7.676;2
174;6;8.158;14.979;6.26;39.584;46.012;20.924;2
174;7;0.142;4.757;10.441;8.467;48.614;25.004;2
174;8;8.999;17.312;4.354;20.154;8.591;30.361;2
174;9;2.318;14.395;27.854;24.044;43.471;15.516;2
174;10;6.081;17.494;23.306;4.982;42.566;0.7;2
174;11;2.191;18.055;24.207;0.45;23.923;34.2;2
174;12;7.069;14.046;15.79;18.982;34.817;29.487;2
174;13;1.059;14.265;24.446;16.068;41.452;37.728;2
174;14;6.61;16.348;27.937;12.412;45.348;34.167;2
174;15;3.174;1.158;3.62;1.957;49.467;2.858;2
174;16;5.189;6.44;1.084;37.175;3.847;19.343;2
174;17;2.827;2.107;9.72;9.514;44.015;43.457;2
174;18;7.896;5.13;21.019;6.878;30.707;2.819;2
174;19;0.715;12.598;22.281;28.266;21.966;21.102;2
174;20;4.053;14.922;17.905;39.266;13.251;18.763;2
175;1;5.088;10.71;2.919;1.246;14.888;36.391;1
175;2;2.55;18.613;23.286;18.982;39.906;35.788;1
175;3;3.406;7.506;8.807;38.028;19.526;43.716;1
175;4;2.242;3.625;6.563;21.738;36.95;3.095;1
175;5;2.678;16.665;5.22;6.881;26.605;44.668;1
175;6;9.1;8.271;15.001;16.466;19.166;52.456;1
175;7;4.784;9.031;23.304;27.363;20.615;36.26;1
175;8;2.294;1.202;9.635;32.001;36.369;36.609;1
175;9;3.961;0.926;22.32;16.773;0.89;29.648;1
175;10;7.336;14.064;22.377;37.405;12.745;38.295;1
175;11;0.189;17.279;3.066;18.292;27.884;35.34;1
175;12;5.249;6.226;14.637;25.681;25.561;53.599;1
175;13;8.593;4.632;24.615;2.416;39.106;52.947;1
175;14;2.167;4.302;2.661;8.144;2.463;24.672;1
175;15;2.791;2.306;2.109;30.5;39.69;7.941;1
175;16;1.562;19.448;28.913;30.09;11.284;7.035;1
175;17;9.172;14.594;0.873;26.897;33.353;26.689;1
175;18;7.837;4.727;29.934;2.203;12.821;21.217;1
175;19;9.435;14.174;4.621;7.339;29.942;57.677;1
175;20;3.417;17.115;6.722;3.28;16.631;26.574;1
176;1;5.617;15.861;28.189;14.62;3.112;55.899;2
176;2;9.983;10.087;20.03;39.946;13.68;57.792;2
176;3;0.675;5.141;3.749;13.99;40.075;16.697;2
176;4;6.964;6.089;6.857;11.972;39.842;39.159;2
176;5;1.216;6.042;10.427;17.833;34.065;47.835;2
176;6;5.771;14.185;3.212;12.291;29.844;9.003;2
176;7;3.799;8.206;16.904;38.445;13.554;6.733;2
176;8;9.269;6.2;27.882;22.676;1.47;8.066;2
176;9;3.268;10.554;27.775;16.5;36.71;4.549;2
176;10;9.108;16.163;14.19;29.301;16.35;29.131;2
176;11;7.25;19.845;11.234;26.07;26.602;46.44;2
176;12;7.252;3.235;19.615;27.793;9.779;7.35;2
176;13;6.123;6.461;6.132;38.488;40.092;23.522;2
176;14;1.309;19.071;13.396;16.113;14.76;8.3;2
176;15;1.876;14.045;26.354;28.961;44.89;45.123;2
176;16;6.132;3.129;24.363;8.532;22.176;0.521;2
176;17;3.338;15.115;21.817;32.235;3.024;3.078;2
176;18;6.628;16.25;3.03;4.9;16.424;2.995;2
176;19;1.778;5.695;26.572;37.488;4.683;36.607;2
176;20;3.469;10.252;27.73;10.731;45.288;54.342;2
177;1;2.581;4.594;23.436;31.824;6.586;35.477;2
177;2;4.961;7.893;18.689;26.806;0.201;49.022;2
177;3;5.084;11.277;15.821;23.31;3.193;54.885;2
177;4;8.348;17.535;9.95;2.514;6.516;20.676;2
177;5;3.313;16.995;21.747;5.389;10.744;1.028;2
177;6;2.017;3.814;2.856;33.717;12.227;13.04;2
177;7;0.786;9.941;15.733;0.696;25.039;48.918;2
177;8;3.415;12.426;12.065;20.831;8.719;44.619;2
177;9;8.873;6.671;15.914;18.106;29.078;24.541;2
177;10;2.233;19.67;8.573;30.382;28.326;54.678;2
177;11;5.059;7.942;16.594;18.282;49.324;59.36;2
177;12;6.051;9.538;11.989;30.019;35.614;50.847;2
177;13;4.735;8.704;1.413;25.337;8.826;37.285;2
177;14;5.436;0.492;16.065;30.219;45.63;59.977;2
177;15;5.293;18.022;4.705;9.253;10.013;7.88;2
177;16;4.356;9.825;12.335;1.988;48.565;27.949;2
177;17;4.162;5.139;2.312;26.79;37.562;42.347;2
177;18;3.774;15.177;17.955;8.951;42.98;36.364;2
177;19;9.427;8.422;12.565;10.004;33.252;56.568;2
177;20;9.513;0.451;28.849;8.412;39.607;4.232;2
178;1;8.628;8.852;1.503;32.914;17.481;45.391;3
178;2;6.744;5.687;6.791;25.174;36.751;40.735;3
178;3;6.018;13.679;23.398;6.592;5.673;48.846;3
178;4;2.486;10.264;12.441;37.774;9.1;42.027;3
178;5;1.819;11.678;26.797;39.451;22.264;3.078;3
178;6;1.822;4.832;7.367;3.163;21.816;13.085;3
178;7;9.708;5.147;0.866;29.655;38.42;1.88;3
178;8;7.682;13.431;22.756;16.175;5.07;57.576;3
178;9;3.506;7.184;26.591;31.82;24.511;6.421;3
178;10;9.913;15.957;19.655;34.522;5.014;58.54;3
178;11;5.403;11.322;25.663;30.207;38.721;1.189;3
178;12;0.22;11.565;0.54;32.425;15.357;28.151;3
178;13;3.46;11.711;26.666;19.337;43.012;27.7;3
178;14;8.7;15.354;11.858;5.75;47.604;43.813;3
178;15;1.699;18.58;25.681;7.788;5.015;41.447;3
178;16;0.299;12.326;12.71;2.39;4.839;16.076;3
178;17;8.302;14.271;21.916;21.163;13.581;46.642;3
178;18;3.565;5.836;26.071;32.842;17.943;16.089;3
178;19;0.317;14.752;9.752;3.561;22.576;8.125;3
178;20;6.771;14.438;10.581;39.394;35.383;20.791;3
179;1;8.291;1.328;14.195;26.729;21.025;52.045;2
179;2;5.284;8.776;28.923;14.283;0.903;24.143;2
179;3;7.905;6.659;4.92;4.621;46.314;4.461;2
179;4;9.184;11.39;20.342;39.06;30.192;32.952;2
179;5;4.573;13.728;11.056;37.728;34.616;38.02;2
179;6;9.097;10.278;15.219;23.378;20.468;23.287;2
179;7;8.701;5.08;20.688;6.407;8.623;41.229;2
179;8;1.27;9.626;17.976;7.468;31.74;14.674;2
179;9;7.172;0.572;26.32;37.505;46.481;18.762;2
179;10;2.6;12.234;12.816;33.827;31.095;34.687;2
179;11;2.932;2.974;4.079;12.077;17.989;32.341;2
179;12;3.627;17.265;1.151;35.503;20.412;1.627;2
179;13;1.911;11.639;20.189;4.214;34.265;55.707;2
179;14;3.681;1.334;8.453;10.837;41.24;41.251;2
179;15;6.029;14.271;14.138;34.884;7.668;28.307;2
179;16;9.728;2.911;11.826;13.199;4.882;27.068;2
179;17;5.932;7.807;12.091;22.699;12.111;22.489;2
179;18;7.913;5.137;0.742;18.195;15.513;38.245;2
179;19;3.543;1.278;21.721;3.239;14.679;23.562;2
179;20;9.009;6.555;11.417;3.68;48.651;20.933;2
180;1;4.177;11.605;23.29;7.134;18.571;49.768;2
180;2;2.379;1.101;14.332;8.579;44.658;0.238;2
180;3;5.24;15.173;5.775;14.305;45.073;40.682;2
180;4;1.897;16.948;8.831;28.545;16.055;2.157;2
180;5;0.119;11.189;8.365;26.993;2.312;46.004;2
180;6;6.366;2.641;11.366;33.954;43.919;35.119;2
180;7;2.081;7.268;12.68;0.413;4.82;5.238;2
180;8;0.881;0.14;20.835;0.636;9.531;41.123;2
180;9;4.774;8.83;19.734;13.463;29.018;19.251;2
180;10;5.325;5.854;24.289;29.755;49.883;10.49;2
180;11;1.191;4.687;22.501;33.019;49.457;58.598;2
180;12;9.254;11.84;7.082;20.42;5.188;48.427;2
180;13;4.785;10.713;6.364;5.695;1.078;39.179;2
180;14;0.297;9.918;21.191;21.192;26.864;18.368;2
180;15;6.999;19.062;4.856;10.18;48.039;59.524;2
180;16;2.211;5.455;28.556;21.826;4.186;53.74;2
180;17;0.902;1.767;18.321;36.978;47.644;45.391;2
180;18;8.385;8.043;13.05;23.808;2.385;25.907;2
180;19;6.114;1.93;0.029;30.963;24.146;17.21;2
180;20;3.841;16.371;5.004;21.136;7.896;30.216;2
